1	215	420	202	76	205	152	228	155	182	156	250	166	166	167	206	170	217	172	193	177	236	170	180	171	207	199	238	213	176	219	185	238	230	233	182	287	136	298	159	306	156	286	237	287	285	290	265	282	265	303	115	315	196	310	309	299	230	315	245	331	273	340	300	328	251	317	271	318	293	316	123	334	151	342	179	335	128	320	154	324	174	314	95	268	97	237	98	222	99	197	104	168	117	140	133	122	149	93	177	80	317	248	317	224	317	202	314	190	308	156	288	133	277	120	256	102	227	82	209	165
2	244	376	247	93	245	149	264	153	224	153	279	161	208	161	244	172	254	174	234	177	268	171	219	171	242	203	267	209	216	208	221	224	262	226	217	264	176	269	194	277	194	262	266	263	306	269	289	261	290	276	151	285	224	290	328	286	258	288	277	305	299	309	314	302	279	295	294	297	312	295	162	304	188	308	205	304	168	294	186	299	204	294	141	241	143	224	148	202	154	183	158	161	164	144	182	123	201	103	226	98	349	243	346	219	344	201	337	178	331	159	324	144	311	124	291	111	277	99	246	162
3	223	410	217	109	217	173	239	180	196	179	253	190	180	191	217	200	227	204	208	203	242	200	192	199	217	237	244	242	190	245	197	264	237	263	195	303	151	305	170	313	169	299	248	302	294	303	272	298	272	313	127	319	194	325	319	318	241	324	261	338	278	338	304	333	262	327	279	325	299	325	139	337	165	341	186	339	145	325	163	325	184	325	107	281	109	259	110	236	115	210	120	188	131	163	148	148	168	126	190	112	331	272	329	251	325	229	319	204	312	183	300	158	286	143	266	126	243	114	218	189
4	197	395	201	91	200	155	222	158	178	157	244	164	159	163	197	172	212	174	184	175	230	171	171	171	195	201	226	213	170	216	174	232	218	228	173	272	128	275	147	284	147	268	224	270	267	273	248	267	248	282	103	291	179	295	295	288	211	293	228	311	255	313	281	309	234	300	252	299	276	293	112	308	140	318	164	313	119	298	138	301	159	298	86	245	88	226	94	207	99	180	108	157	118	142	131	125	151	108	176	98	316	244	315	220	315	206	310	187	303	163	287	135	276	124	254	108	228	96	199	165
5	195	398	201	96	198	153	221	160	176	157	235	172	160	173	196	182	207	182	188	186	223	179	173	180	198	215	226	225	170	225	177	240	218	242	171	280	125	279	145	288	145	276	225	281	267	283	250	278	250	291	108	296	178	304	286	300	218	308	236	321	260	328	276	321	238	312	258	313	273	310	119	315	142	321	163	317	122	306	136	308	159	304	92	251	98	232	100	214	106	194	109	172	119	146	137	125	158	106	178	98	303	257	299	234	294	211	291	188	286	172	280	150	266	128	252	115	228	99	199	173
6	234	409	224	65	229	126	254	133	204	133	269	148	185	150	229	154	242	158	217	158	255	152	201	157	233	184	267	200	199	204	207	222	258	220	200	275	151	280	171	286	169	271	257	271	304	274	283	270	284	284	127	300	206	296	329	288	249	293	269	310	299	315	317	308	271	300	299	302	314	299	138	315	163	321	189	314	145	306	165	304	186	298	100	253	102	228	106	208	113	181	118	155	129	126	148	105	170	86	196	67	339	245	334	214	328	193	324	174	318	150	307	127	291	106	273	82	253	70	229	143
7	201	401	204	47	202	111	227	117	175	114	248	129	156	130	204	138	218	142	191	143	234	138	173	140	205	174	240	187	170	190	178	207	229	206	174	256	122	257	144	269	143	250	231	252	280	253	256	247	256	269	96	279	181	285	304	272	226	287	242	298	274	298	297	291	244	286	269	289	290	284	109	294	139	303	163	298	115	287	137	289	159	284	68	229	73	204	80	178	86	150	92	130	104	104	123	79	146	64	176	51	329	230	329	206	325	178	315	151	307	123	295	101	277	79	258	58	227	48	203	126
8	206	381	213	56	215	119	238	123	190	120	253	136	172	133	215	141	228	144	204	145	243	141	186	143	218	166	244	181	182	176	189	198	236	199	184	247	140	249	158	259	158	245	236	250	278	252	260	248	260	260	110	269	195	276	299	276	227	282	250	302	272	303	291	295	247	284	267	282	286	276	127	294	153	302	176	298	129	273	152	278	171	279	89	224	94	197	100	173	104	156	110	134	122	112	140	92	165	72	190	59	321	226	317	203	311	189	305	165	300	148	294	122	277	89	261	78	240	61	215	134
9	178	405	190	71	188	141	212	148	163	140	231	154	141	153	189	170	201	174	178	173	219	168	160	166	191	205	219	214	153	216	159	234	213	234	156	276	106	274	126	285	127	270	212	277	257	274	238	273	238	289	80	287	160	301	281	289	208	305	229	323	254	327	269	312	230	307	251	307	261	302	92	310	117	323	144	324	97	301	119	307	140	304	63	245	67	218	74	188	77	167	86	142	95	121	118	102	140	84	162	73	299	250	294	218	292	200	288	181	282	150	275	124	259	107	242	89	217	79	188	158
10	212	419	215	82	214	161	235	162	189	164	256	170	169	171	216	185	222	184	200	186	237	185	186	180	220	219	249	229	181	231	187	248	243	247	182	292	132	294	153	304	153	289	236	290	286	293	265	287	265	302	111	308	187	320	308	307	236	322	254	329	280	330	295	324	254	319	277	322	294	315	123	325	145	328	170	328	128	317	146	320	164	318	86	270	87	242	90	215	91	192	101	172	116	146	135	121	163	95	188	84	323	266	325	240	325	220	321	192	314	169	307	153	293	127	269	101	244	83	215	173
11	183	424	201	68	197	148	218	154	178	147	237	161	154	155	193	162	205	164	181	164	222	164	169	163	191	199	222	213	162	206	167	229	210	230	166	272	120	270	139	284	138	268	217	274	260	277	241	273	240	289	92	277	171	295	287	297	211	304	224	323	253	326	275	317	229	305	251	310	274	307	102	308	128	317	154	314	112	294	134	298	153	298	72	245	77	219	81	189	88	160	95	143	107	119	131	102	155	82	176	70	311	256	310	228	308	201	303	172	300	151	290	130	269	102	253	88	230	72	197	156
12	227	423	211	69	217	142	243	143	189	147	262	155	168	163	217	171	230	170	204	174	245	167	185	171	221	192	258	208	184	215	193	231	251	231	195	280	142	287	165	296	163	277	253	276	300	279	277	274	277	290	113	304	199	310	327	296	248	311	268	326	294	331	315	318	269	308	291	312	306	309	129	324	157	332	184	328	135	314	156	316	181	311	85	270	82	238	91	206	95	174	99	146	114	114	128	94	161	83	183	73	342	252	339	226	340	206	332	174	324	154	311	126	287	102	276	85	242	70	218	155
13	194	390	207	104	205	163	224	165	180	165	244	177	159	174	202	180	213	180	189	179	230	180	174	179	201	204	229	218	175	216	179	232	222	231	174	270	132	271	152	279	150	264	222	272	264	277	245	272	244	284	107	288	176	292	289	300	215	300	229	312	252	320	276	318	234	302	249	306	266	309	121	307	142	312	163	308	123	293	140	298	161	294	84	242	87	222	96	201	97	181	103	157	117	138	137	123	159	116	183	104	301	258	304	237	302	216	296	195	290	175	282	154	271	137	259	122	236	106	203	173
14	217	402	214	78	215	133	237	144	191	143	248	157	178	158	213	162	226	165	202	165	239	161	188	162	211	194	243	208	183	210	192	227	235	224	189	273	148	277	164	284	165	271	243	271	286	273	267	269	268	284	118	293	192	301	308	283	237	302	256	314	280	318	300	308	258	302	273	301	292	297	128	315	157	322	183	316	137	299	157	304	175	303	107	255	107	239	114	207	119	182	124	161	135	140	150	117	167	96	189	84	325	249	324	230	317	199	313	184	305	162	291	138	274	110	262	97	238	80	215	152
15	188	388	188	47	188	120	209	126	167	122	223	137	149	137	189	143	198	147	181	148	214	146	164	144	192	178	220	190	160	186	164	205	210	210	160	250	115	253	134	264	134	248	212	250	255	249	236	248	237	264	88	260	172	275	280	263	200	274	220	292	247	297	270	289	223	279	246	277	269	273	99	283	128	296	156	294	106	269	126	276	153	276	66	229	71	205	76	175	85	153	91	128	98	104	119	83	139	65	163	49	296	229	297	203	291	182	285	154	280	131	268	106	253	85	235	71	215	55	189	133
16	208	432	224	87	220	159	245	166	199	162	262	176	172	167	222	192	234	194	209	193	251	189	188	183	221	226	248	237	186	236	191	252	240	254	184	290	137	290	159	302	157	286	241	291	285	296	263	290	263	308	110	303	203	315	310	309	230	317	246	338	276	342	297	332	248	323	269	323	291	319	123	326	149	338	178	334	127	312	150	318	177	317	86	256	89	230	94	202	100	174	108	156	122	131	143	114	166	101	197	91	330	272	328	250	324	220	319	200	315	177	311	153	299	128	277	108	255	93	219	176
17	209	437	210	75	211	146	232	151	181	152	253	162	164	165	208	169	223	172	194	173	239	170	179	171	210	200	243	216	177	217	187	235	234	230	179	284	133	285	152	298	153	281	240	282	282	282	263	279	263	292	106	303	188	313	306	298	227	310	245	329	275	328	300	316	247	311	274	314	292	303	120	319	149	332	176	332	126	301	150	309	171	312	78	259	79	239	89	205	91	181	102	157	114	132	131	104	153	85	183	73	330	259	327	234	324	205	318	174	309	154	295	129	283	111	263	95	238	78	210	160
18	222	411	212	86	214	154	238	161	186	160	259	169	170	175	213	181	226	185	203	186	244	182	184	182	215	210	249	224	180	223	190	242	243	242	185	285	131	286	156	299	154	280	245	284	294	284	270	280	272	298	102	305	188	312	319	305	239	307	260	323	288	328	304	327	262	313	283	312	299	311	119	325	151	329	175	323	125	309	148	310	166	309	75	259	79	232	80	214	89	184	103	161	116	139	133	115	158	102	182	92	341	252	341	234	334	212	329	180	322	164	309	137	289	119	268	108	241	89	213	171
19	211	411	212	75	210	137	235	141	184	140	253	156	168	159	211	173	222	177	200	178	238	167	185	171	212	210	247	219	174	216	184	239	234	241	178	285	136	289	156	299	156	281	246	280	288	287	266	279	264	296	118	309	188	310	309	304	229	309	253	331	276	335	297	325	252	313	272	313	292	307	126	326	152	332	173	328	130	315	149	319	168	316	80	254	82	226	86	205	94	177	98	155	111	133	135	112	155	92	181	79	332	246	327	227	327	204	324	185	317	156	306	132	287	114	267	97	242	78	211	159
20	199	405	203	83	199	157	225	158	174	158	244	170	153	168	199	176	212	178	186	178	228	176	171	177	199	202	233	218	164	218	172	237	225	235	171	280	124	283	145	292	143	277	225	281	273	284	250	275	250	294	97	293	178	297	294	292	214	300	235	318	256	322	280	316	240	304	256	305	275	302	111	314	138	319	162	313	117	300	139	300	159	297	75	259	75	236	80	207	79	174	85	151	112	134	133	116	148	91	172	85	318	257	316	234	317	210	312	183	305	160	296	138	280	119	258	104	236	90	201	167
21	196	366	207	64	204	123	229	127	177	125	250	136	160	141	202	146	216	146	190	147	235	143	176	147	204	174	236	184	169	184	176	203	227	201	177	246	134	250	152	258	152	244	229	244	272	248	255	243	255	258	107	267	182	267	296	280	223	272	235	285	257	290	279	297	240	278	258	282	278	284	121	284	144	291	168	284	127	274	148	281	167	276	98	223	98	200	101	179	101	149	109	131	120	115	137	99	159	81	182	68	317	222	316	199	315	179	309	151	305	128	298	111	278	97	260	85	235	70	204	137
22	187	365	188	57	186	109	211	114	159	118	227	129	141	133	186	137	198	141	176	144	214	136	158	139	186	165	217	175	158	182	161	198	211	193	159	244	116	247	133	253	133	240	215	243	257	245	239	239	240	252	90	260	163	267	282	260	205	263	223	281	247	288	274	281	227	269	245	267	265	267	101	277	121	281	149	277	106	265	126	268	143	265	81	222	82	202	84	187	88	169	92	142	103	111	122	99	138	73	163	60	302	225	300	204	292	176	287	156	280	130	263	103	250	88	234	75	216	60	187	125
23	279	396	281	77	283	140	309	146	249	145	324	160	232	163	282	170	294	171	270	175	314	170	251	170	287	202	314	217	253	216	257	232	305	231	251	275	204	281	224	290	223	272	309	275	359	277	335	269	337	287	179	301	255	299	377	297	305	300	324	315	346	321	365	316	326	302	342	307	360	306	192	317	220	323	247	315	199	312	221	310	239	306	149	249	153	223	158	205	160	184	171	156	183	130	206	113	225	94	254	81	387	249	387	228	386	205	378	184	373	157	367	137	351	116	333	98	311	80	283	160
24	212	400	205	59	205	123	231	128	180	131	254	143	161	148	206	153	219	157	194	157	237	151	179	153	205	189	238	202	174	206	181	224	230	218	179	271	135	272	154	284	153	269	235	269	282	267	260	263	261	278	106	294	184	303	311	291	234	302	250	319	280	325	303	309	251	303	276	301	294	294	117	321	140	328	165	324	123	303	147	305	163	306	91	239	92	216	98	190	101	165	109	147	118	121	133	97	156	76	180	64	320	231	316	206	311	189	305	164	294	137	287	121	276	102	256	75	239	63	208	141
25	219	401	224	116	225	170	246	178	202	175	261	190	185	188	226	194	236	195	214	194	248	192	200	192	225	217	254	235	196	233	200	251	247	247	194	294	149	303	171	308	169	293	257	294	301	298	283	293	281	310	129	316	201	315	326	323	249	315	265	328	288	333	314	331	270	318	285	322	306	326	143	333	162	333	188	328	142	319	163	320	185	317	112	276	116	255	116	236	120	210	128	190	140	170	159	148	175	132	198	116	337	272	333	248	332	229	328	206	315	183	304	162	290	149	273	134	255	119	226	185
26	227	376	233	55	234	122	257	124	210	121	277	131	191	129	232	145	243	148	223	147	261	144	206	141	230	175	261	190	203	182	208	204	253	206	204	249	155	252	175	263	176	244	260	250	312	254	289	246	290	266	124	265	208	276	335	273	253	282	266	299	291	304	318	292	273	285	295	288	315	285	138	291	162	301	190	297	145	279	165	284	189	279	109	220	112	190	113	166	119	138	130	119	137	98	158	83	181	70	206	58	360	224	358	199	355	173	349	142	342	125	332	108	312	87	288	70	267	58	234	136
27	248	400	251	96	251	163	272	164	228	164	291	170	208	171	249	182	258	186	240	186	275	179	225	180	249	216	281	225	218	226	224	242	271	243	218	285	171	290	192	300	193	284	277	284	326	287	303	279	303	297	144	302	223	307	350	305	272	306	292	322	316	327	340	318	294	310	312	312	333	313	158	324	185	327	206	322	165	311	187	313	205	312	126	257	128	235	131	215	132	188	140	168	154	148	176	126	197	113	225	97	362	258	362	237	358	213	355	192	348	170	338	149	324	129	302	112	281	97	251	175
28	232	413	246	55	244	117	267	127	218	117	290	136	197	131	243	144	255	149	232	146	274	144	215	145	243	180	280	194	206	189	218	211	269	214	207	257	151	263	173	273	174	253	272	262	322	267	301	259	299	279	124	276	208	283	346	289	267	290	288	310	304	311	332	311	290	298	309	297	328	300	137	293	166	304	194	300	142	287	162	293	186	287	97	237	102	210	111	180	112	156	123	131	142	103	162	86	188	70	215	54	362	251	357	223	347	193	353	156	343	137	334	115	316	97	294	81	275	64	245	135
29	234	450	214	108	218	171	242	177	192	179	262	190	175	196	219	199	230	201	208	202	246	198	193	201	222	230	251	240	193	243	200	260	241	257	197	306	147	316	171	324	169	306	253	302	304	302	280	295	280	314	123	335	203	331	326	330	251	328	268	343	292	350	311	343	271	335	290	332	306	331	142	358	170	360	188	350	143	341	165	342	185	337	104	290	107	269	107	245	109	218	114	192	128	168	144	145	165	126	186	114	340	274	335	248	329	224	324	198	315	176	301	151	285	136	264	123	242	110	219	188
30	193	355	190	84	189	133	210	136	169	139	226	147	154	153	188	161	199	162	180	164	214	157	168	161	190	184	215	192	163	193	169	210	210	204	166	252	125	254	144	264	143	250	213	249	252	249	233	245	234	259	100	268	172	273	276	265	209	273	231	289	251	289	271	280	227	275	246	274	263	271	114	286	136	292	156	284	117	280	138	283	153	277	82	236	83	211	85	198	88	175	96	152	108	129	122	114	143	100	167	90	291	227	288	206	285	185	282	162	276	141	263	124	249	108	234	96	215	88	190	149
31	190	378	196	105	197	166	217	170	175	169	231	179	157	179	197	188	206	190	186	191	221	186	172	188	199	214	224	226	172	223	179	239	214	240	170	283	130	286	146	294	147	277	217	283	258	284	241	280	241	294	110	294	173	300	273	299	211	306	226	320	248	323	264	314	231	308	249	313	261	305	123	311	144	319	164	316	130	305	144	307	159	303	94	261	96	239	104	220	111	200	114	179	124	159	138	135	156	120	173	105	283	259	283	239	282	222	277	201	273	187	265	170	257	145	239	129	221	109	198	179
32	213	411	210	83	211	138	236	144	184	142	255	158	163	161	210	167	222	168	197	170	241	167	182	168	212	196	245	207	181	210	186	227	235	227	179	280	130	287	153	295	153	276	238	278	288	285	267	276	267	292	101	305	177	304	319	293	234	303	265	321	284	319	305	316	258	308	277	307	299	302	118	328	141	322	169	313	126	312	147	308	159	307	82	265	86	241	93	222	99	199	107	169	117	143	136	124	158	103	182	89	333	252	328	229	319	204	317	182	311	160	298	136	283	120	260	102	237	88	212	156
33	223	419	245	74	243	142	269	149	216	143	284	160	195	154	240	174	250	177	228	176	270	173	209	169	241	205	269	223	203	213	211	236	262	238	202	277	150	278	172	290	174	272	262	283	314	293	292	282	291	300	121	295	207	302	338	314	253	313	269	325	296	338	319	334	274	318	296	327	320	322	133	318	162	326	190	319	138	307	163	314	186	305	107	240	114	217	115	192	125	166	133	150	147	123	166	103	188	92	218	84	355	265	356	241	352	219	346	189	333	157	330	146	320	122	297	103	276	87	242	161
34	188	429	194	101	190	163	218	169	165	168	237	182	145	178	189	191	203	193	176	195	220	191	159	189	190	217	223	234	157	235	166	251	213	254	163	293	111	298	134	307	134	290	217	294	270	295	245	289	244	308	82	312	169	318	294	313	212	314	230	328	256	338	286	331	233	318	254	323	276	322	102	341	121	344	152	333	103	326	129	326	155	319	66	273	70	244	73	226	85	198	89	174	102	145	117	131	143	115	170	106	313	271	309	241	303	225	302	205	291	176	283	151	262	131	243	115	224	107	191	181
35	204	397	194	86	192	138	219	140	168	144	235	157	151	162	194	163	207	166	181	169	221	162	167	167	197	188	227	203	164	204	170	223	221	219	172	267	126	276	146	282	145	267	225	264	271	268	251	261	252	280	102	289	175	292	294	282	218	290	238	305	262	307	283	300	238	293	257	291	277	287	116	309	139	311	164	309	120	295	139	294	159	294	82	250	82	229	87	203	90	177	94	157	107	132	123	116	142	103	166	93	303	240	303	216	298	195	292	174	288	149	275	121	261	111	247	103	221	96	194	153
36	202	372	200	62	200	125	222	130	179	129	246	136	164	142	196	148	208	153	187	151	229	145	175	150	200	185	232	200	174	200	179	218	223	219	175	257	130	259	149	268	148	255	226	258	273	265	255	258	255	273	111	264	180	280	295	276	218	279	239	294	258	295	279	293	240	283	260	284	276	280	118	285	144	295	168	293	127	275	147	281	166	280	89	225	90	202	88	178	97	149	106	133	116	110	131	92	154	74	175	64	324	225	324	208	322	187	313	150	305	133	294	110	278	94	259	85	234	67	198	143
37	211	398	231	60	226	126	249	132	202	134	261	149	185	143	223	156	234	160	214	157	248	153	197	154	224	181	252	199	191	190	195	213	243	214	192	262	143	265	164	275	164	258	242	265	293	271	270	262	269	283	113	279	197	286	312	291	238	290	257	305	271	310	296	306	258	292	275	293	296	292	126	299	152	306	174	301	133	288	153	287	176	287	100	240	107	210	111	196	114	174	124	145	134	122	154	100	175	77	206	64	323	251	324	229	323	205	319	179	316	159	307	133	296	110	280	90	258	71	225	144
38	216	438	237	69	233	140	256	147	207	142	276	159	188	154	230	162	243	168	216	164	261	163	201	163	228	202	261	219	196	214	203	235	251	234	192	293	138	292	160	306	162	287	253	300	309	305	281	297	281	319	109	305	193	315	334	319	244	320	261	341	290	347	319	338	268	327	290	328	313	322	124	333	153	338	178	338	126	311	152	321	175	318	92	264	100	230	108	204	113	183	121	159	137	133	158	108	175	92	205	73	348	276	345	251	340	223	338	196	333	169	324	138	308	115	286	95	266	79	232	155
39	198	376	211	74	210	142	233	145	185	142	249	148	163	151	209	162	221	164	194	164	238	160	180	162	209	194	240	208	178	200	184	218	232	225	178	263	132	261	150	271	151	256	231	264	277	268	257	262	257	275	108	288	181	289	301	286	222	290	237	309	262	314	286	306	241	292	264	299	284	296	117	302	135	309	167	309	122	295	139	296	161	289	93	232	94	212	98	187	101	161	106	135	115	119	142	105	165	92	187	81	322	238	314	214	313	197	310	172	304	150	294	128	282	111	266	97	242	80	210	154
40	202	404	215	77	210	146	233	151	190	148	251	161	170	159	211	171	224	175	197	173	241	172	183	166	212	204	243	217	180	219	185	239	234	233	180	280	134	282	156	291	156	273	235	279	281	278	261	274	261	290	111	304	186	303	306	299	226	304	245	318	274	325	292	322	248	304	268	306	287	305	124	324	148	325	171	320	130	303	147	307	166	306	88	251	92	228	99	199	107	180	116	154	124	130	137	107	158	93	185	81	333	259	328	234	323	209	316	184	310	159	299	134	287	116	263	97	238	80	211	160
41	213	411	216	59	219	138	244	142	191	144	264	147	168	149	216	164	231	166	206	168	250	161	183	161	221	191	251	210	185	207	191	226	243	226	186	278	133	283	156	294	155	275	243	278	299	285	273	275	273	294	103	295	190	305	320	306	238	306	257	317	273	320	301	324	259	308	279	311	303	314	117	314	145	322	171	312	126	302	145	309	169	302	72	257	77	230	83	197	89	169	96	140	109	115	132	95	161	81	187	66	337	249	332	225	333	202	328	171	323	151	311	118	291	96	276	84	255	70	217	153
42	207	387	192	49	193	105	219	107	168	112	237	120	152	125	193	132	206	136	184	134	221	127	168	132	198	165	230	177	167	176	174	201	226	194	172	253	124	263	145	270	142	253	230	249	280	253	257	247	258	263	97	285	178	283	307	280	218	280	240	297	275	302	292	296	244	287	268	286	291	287	111	305	136	311	163	304	117	289	137	293	160	289	75	243	78	216	84	195	87	167	91	142	102	115	122	96	141	71	164	54	319	223	316	199	309	174	304	150	295	124	277	98	259	82	240	62	218	51	194	121
43	191	423	186	76	184	148	211	151	162	152	231	153	144	161	184	166	197	168	170	170	215	163	157	168	181	202	217	212	151	214	153	233	210	226	153	284	103	290	124	298	123	283	216	279	265	280	242	277	243	291	82	306	160	306	289	300	202	303	223	320	253	326	280	321	227	304	252	309	275	303	93	325	120	330	146	323	96	312	114	313	138	310	60	264	63	239	69	211	76	188	83	165	94	141	113	117	132	99	158	85	311	255	312	224	308	204	302	178	292	155	279	133	263	114	239	95	215	79	184	159
44	205	390	210	49	211	119	237	123	189	121	258	131	165	132	212	138	223	140	198	142	241	137	186	140	208	177	244	189	177	189	182	208	233	210	182	256	130	260	155	271	154	252	237	257	290	262	268	255	268	275	96	266	185	278	329	267	224	281	243	295	278	305	314	294	250	284	276	285	305	286	109	290	141	300	170	296	117	280	145	283	167	279	82	233	87	207	94	182	98	162	105	129	116	104	136	79	158	59	184	48	348	239	347	209	341	181	337	159	331	134	315	101	294	78	273	62	247	53	212	133
45	186	413	199	91	193	167	214	169	171	168	232	172	150	174	192	178	205	180	178	180	222	179	163	181	187	203	220	218	158	218	166	240	210	238	164	277	121	277	140	287	141	273	213	279	258	283	238	279	238	291	93	290	169	297	281	299	207	302	226	322	250	324	275	316	229	305	248	310	267	303	106	310	134	318	157	313	111	298	136	303	153	299	74	258	76	234	81	205	83	179	92	157	100	132	124	116	145	106	170	100	307	257	306	238	301	211	298	182	291	167	282	146	270	131	244	108	227	101	192	172
46	221	409	213	52	213	132	239	137	187	139	259	151	164	153	214	162	228	164	199	165	243	160	184	163	216	194	251	204	182	206	188	224	241	223	185	268	136	270	157	279	157	265	248	263	298	264	275	258	274	275	114	287	199	299	320	283	235	297	258	308	286	306	311	298	262	297	285	296	305	290	131	303	148	313	177	315	131	298	150	302	175	300	86	242	90	215	94	191	97	168	106	137	119	119	140	96	162	77	184	58	336	226	332	202	330	189	327	162	319	140	308	113	291	94	273	82	250	67	214	152
47	251	440	230	71	232	140	262	148	200	149	285	165	175	165	235	181	247	183	224	184	270	179	198	180	237	211	273	223	199	226	208	247	262	247	205	294	153	305	177	315	175	296	276	295	335	296	308	289	307	308	127	334	217	317	357	320	270	317	292	334	320	337	340	336	292	325	313	328	342	323	144	347	181	348	202	337	146	338	173	335	196	326	102	279	101	252	102	227	113	202	116	169	126	140	144	118	168	94	201	75	377	260	366	224	362	200	356	169	349	149	336	127	313	107	291	84	262	73	234	167
48	215	414	216	68	218	133	242	137	191	137	261	146	172	151	221	162	236	167	207	165	251	161	188	162	223	188	254	204	190	202	199	219	246	216	192	262	142	264	163	274	161	257	246	260	291	261	271	256	272	268	115	280	197	288	320	272	247	284	261	298	280	301	300	293	264	283	279	285	300	280	132	302	163	310	190	306	137	286	159	293	182	290	85	241	90	220	93	191	103	164	107	148	122	122	135	99	163	86	189	74	328	225	326	200	321	183	319	164	314	140	308	121	291	100	267	83	245	75	221	149
49	220	427	215	84	216	154	236	158	194	160	259	168	174	170	215	175	226	176	205	179	244	173	189	174	218	201	247	220	188	219	194	241	239	237	192	290	146	301	166	309	165	289	244	289	293	296	273	287	274	305	119	316	202	316	318	309	242	318	260	334	286	339	312	329	262	321	280	319	299	321	131	337	156	343	186	337	137	323	161	326	185	320	101	275	103	245	103	228	105	196	108	172	123	146	143	122	164	101	190	86	326	264	323	232	322	214	319	189	312	162	297	142	281	124	262	105	242	89	217	165
50	241	379	242	102	242	155	260	161	224	162	277	171	207	169	243	181	251	185	231	182	267	181	219	180	241	208	264	216	214	213	219	232	259	234	213	269	169	278	189	284	188	270	260	272	302	278	285	271	283	286	146	294	216	295	321	293	253	297	274	315	297	316	311	312	272	302	290	307	307	308	156	307	185	314	203	309	162	302	183	305	201	299	130	247	136	228	142	210	145	189	152	167	160	146	178	129	197	113	219	105	341	248	337	230	334	214	330	192	324	171	317	153	304	136	290	123	270	105	244	172
51	221	392	218	86	218	154	237	159	196	158	252	169	181	169	217	180	227	185	208	182	243	179	194	178	219	217	247	222	190	223	196	242	238	242	194	282	150	284	169	293	169	278	248	282	294	283	271	277	272	294	127	297	196	301	318	296	241	305	263	319	280	318	304	313	262	305	278	305	298	306	137	315	162	321	186	317	143	302	163	303	182	303	106	258	108	238	110	213	115	191	122	167	131	144	147	125	169	105	190	89	330	254	329	233	327	213	319	185	314	163	299	138	285	122	265	103	245	93	218	170
52	204	392	208	87	208	150	231	152	187	150	251	156	168	153	206	165	217	167	192	169	236	162	181	164	204	196	236	206	177	208	184	226	228	221	180	266	135	267	154	275	154	261	232	263	275	265	256	259	255	274	107	279	189	288	298	282	220	285	238	301	262	305	289	302	240	291	260	290	282	289	119	300	146	308	172	304	123	284	146	293	170	291	96	236	98	219	100	196	106	169	114	145	124	130	137	115	159	102	183	88	321	235	323	212	321	197	312	174	307	155	297	131	279	118	259	102	235	91	206	158
53	203	392	212	92	211	147	231	153	186	153	247	167	171	165	208	172	220	176	197	177	234	173	184	173	208	201	235	214	181	213	186	233	231	228	181	271	137	272	153	281	152	269	236	273	278	276	259	271	259	285	114	290	182	294	296	294	225	295	243	313	264	316	285	315	248	302	266	302	279	304	127	306	151	313	175	306	131	295	148	298	168	294	102	252	109	223	112	207	115	193	121	166	130	138	149	120	167	104	186	91	314	263	311	239	303	212	302	187	298	170	290	144	274	125	259	113	240	97	210	166
54	254	414	238	73	246	128	269	134	218	136	284	149	201	153	246	155	259	158	231	160	274	154	218	158	251	188	283	204	217	206	225	223	275	221	218	275	169	281	189	289	188	272	276	274	324	276	300	271	301	287	143	301	226	298	346	292	269	298	291	312	316	317	337	309	287	300	313	302	331	300	159	320	183	322	212	315	164	307	184	310	205	305	117	255	120	231	122	207	129	183	132	160	144	132	162	112	186	86	213	73	356	248	351	215	342	199	340	176	335	150	328	135	303	103	287	85	267	75	247	145
55	208	422	221	77	221	142	248	146	195	147	264	163	172	160	217	167	231	171	203	171	249	167	187	169	216	191	250	214	179	203	189	229	240	235	185	281	135	281	156	289	156	276	241	285	289	287	268	281	266	295	107	300	190	310	313	310	227	321	248	340	275	342	300	334	248	320	274	326	294	320	119	324	150	336	175	337	129	302	148	312	169	315	89	254	93	227	107	198	114	175	121	151	132	132	150	109	170	91	194	80	338	263	339	240	331	212	326	181	322	165	313	139	293	118	272	97	248	81	219	159
56	191	417	191	84	190	150	214	156	165	154	235	166	146	167	194	180	205	181	181	182	223	178	163	178	195	215	225	225	161	228	168	248	220	246	164	289	118	288	136	298	134	283	222	289	265	284	245	283	248	297	90	303	172	313	289	299	219	315	238	331	262	333	282	322	242	319	258	315	272	314	105	326	130	336	162	334	111	315	132	320	154	316	68	256	74	233	77	208	84	182	91	159	97	139	114	113	137	102	160	88	308	253	299	218	296	202	292	183	286	155	280	134	262	117	245	100	218	91	193	167
57	199	402	202	71	201	151	223	153	180	153	244	160	157	160	205	173	219	174	188	174	235	172	171	169	207	208	237	218	167	219	169	234	229	235	167	281	122	281	141	289	141	276	225	276	276	283	251	273	252	291	101	293	178	304	298	292	225	312	239	318	264	319	286	315	238	308	262	308	279	303	109	309	128	316	155	313	118	304	132	305	153	305	72	255	74	222	79	199	86	176	93	156	103	126	125	103	149	88	177	76	313	254	316	227	318	209	312	178	306	158	297	141	278	116	261	93	237	78	201	163
58	187	398	215	51	207	123	230	126	187	125	247	134	165	128	205	134	215	137	190	134	231	137	179	133	202	171	232	186	172	178	176	200	222	207	174	248	127	247	146	259	146	242	225	251	268	256	251	250	249	265	99	255	179	270	298	277	215	279	236	298	262	307	284	296	237	279	260	284	281	284	110	277	137	285	162	288	117	269	134	272	161	268	79	218	82	187	89	157	97	131	104	114	117	94	138	67	161	56	187	48	319	237	320	209	316	179	313	151	307	134	300	106	283	81	260	59	238	51	207	130
59	229	433	216	80	216	153	243	157	187	157	262	167	166	175	216	181	229	184	206	184	248	177	186	182	221	203	255	216	185	221	194	242	250	242	194	290	141	297	167	308	162	287	252	287	298	288	278	282	277	299	109	315	202	315	322	312	247	320	265	334	294	341	309	331	270	321	289	323	303	319	131	333	161	342	189	335	134	323	159	327	183	322	82	275	80	251	86	219	93	186	101	162	111	134	124	107	157	101	185	82	339	266	338	239	337	217	329	185	324	166	312	136	293	111	270	93	245	83	217	167
60	192	377	206	89	203	149	222	153	176	153	241	163	155	161	200	166	211	167	186	168	226	168	172	167	198	188	226	204	172	200	178	217	218	217	170	255	129	258	148	265	147	252	221	259	262	263	244	259	241	271	105	270	171	278	283	289	208	283	224	297	249	306	271	303	228	286	248	289	268	291	119	291	137	295	160	292	123	278	137	283	155	279	82	227	86	205	93	187	99	163	105	148	116	127	134	111	156	98	180	88	298	240	303	220	301	202	288	179	284	161	279	138	269	121	257	106	234	92	202	159
61	207	415	208	90	209	141	230	150	183	149	243	167	172	166	208	170	221	175	197	174	233	172	182	170	206	204	234	217	178	216	186	235	226	231	183	282	140	286	156	294	156	279	233	280	279	283	260	280	260	293	107	296	186	306	302	296	228	309	245	321	270	326	291	315	249	311	264	310	284	302	121	323	147	329	172	326	126	305	148	314	166	311	95	265	100	244	103	218	109	196	114	174	127	152	144	130	162	106	181	94	319	260	317	240	310	214	306	196	297	168	284	146	269	123	254	107	230	90	208	160
62	194	389	200	52	199	122	219	129	176	125	235	140	158	138	197	148	209	150	188	149	226	149	174	147	202	181	231	193	168	190	173	209	220	213	169	251	125	251	143	261	143	247	223	250	265	250	246	246	246	264	98	261	180	275	291	257	212	278	228	293	254	296	281	287	231	277	255	275	271	272	108	283	136	295	163	294	113	270	134	276	160	275	77	225	79	202	85	171	91	147	96	129	108	103	126	83	149	68	173	52	304	223	307	202	304	181	299	153	293	131	279	102	265	86	249	74	229	56	198	137
63	210	433	228	81	224	159	247	165	197	159	266	170	177	167	222	192	235	196	208	193	252	189	192	184	220	226	248	239	184	231	192	253	240	255	186	290	136	288	158	301	157	284	239	291	284	295	265	290	265	307	109	299	199	317	310	311	229	318	245	338	274	343	296	330	248	322	271	325	293	321	120	324	152	337	177	335	128	310	150	319	176	316	86	251	90	227	93	198	100	173	110	153	119	130	140	106	165	92	196	87	327	275	330	246	328	217	324	197	320	178	312	149	300	124	280	104	255	92	222	176
64	204	417	201	69	201	145	226	149	178	150	248	160	155	160	201	164	215	166	187	167	234	165	170	167	202	191	237	212	169	209	176	230	230	222	173	278	125	280	145	291	145	275	232	277	277	280	257	276	254	288	100	295	182	306	305	305	218	303	240	324	268	324	288	325	240	305	264	310	289	310	110	313	144	323	167	323	117	294	141	301	164	306	70	256	73	231	79	208	81	179	89	152	103	130	121	103	143	83	171	72	321	247	319	227	318	203	313	173	303	151	290	125	276	107	253	91	230	76	201	154
65	232	390	234	52	234	121	258	127	205	127	279	140	184	141	232	148	245	151	223	153	266	148	203	149	236	177	269	194	197	191	205	210	257	212	198	256	144	255	167	267	166	252	262	256	311	260	286	256	286	272	109	268	200	280	338	267	254	281	271	297	297	303	323	301	275	283	299	286	316	278	128	293	159	298	183	292	135	277	158	280	180	278	81	222	89	201	92	177	94	137	114	124	132	99	150	79	175	64	204	54	356	240	359	208	354	189	344	164	333	136	324	107	311	96	289	74	269	58	233	138
66	208	409	202	74	201	131	226	137	176	139	243	150	161	156	200	169	211	170	189	173	227	163	175	169	201	208	236	213	165	212	173	233	222	237	171	279	127	284	150	296	148	277	234	276	282	281	258	274	257	291	112	305	181	305	303	301	220	306	243	325	271	329	291	320	243	308	267	309	285	306	117	321	138	329	167	324	124	307	141	315	164	311	78	246	80	221	81	200	88	178	94	153	107	134	126	114	148	90	173	78	324	238	324	216	322	194	315	168	308	146	300	128	284	110	258	87	230	77	200	154
67	179	343	194	45	191	102	216	107	163	104	238	118	142	121	188	124	201	126	180	130	221	123	163	126	188	151	222	166	154	164	160	185	211	178	161	225	117	229	136	236	136	221	214	225	258	230	238	224	238	239	86	243	163	248	282	257	208	253	222	268	243	273	262	271	225	258	241	256	264	257	103	265	128	270	152	264	108	255	133	256	151	253	77	200	85	180	84	154	85	128	90	105	104	91	124	72	142	58	169	47	300	203	302	180	297	152	298	132	295	110	281	90	262	74	245	59	224	50	190	115
68	172	353	172	44	172	94	197	101	144	107	213	115	133	121	173	126	185	129	162	128	200	121	145	126	173	151	203	164	144	164	149	183	196	181	147	231	101	235	120	241	119	226	199	229	245	231	226	226	227	238	78	255	150	250	270	250	194	250	211	265	234	272	259	266	216	255	236	257	253	253	90	268	110	269	138	264	92	255	110	255	130	252	65	222	66	196	70	178	77	151	80	125	90	102	111	79	126	57	150	47	287	210	285	187	278	161	275	144	266	115	250	98	235	81	223	62	202	46	174	112
69	204	399	201	68	205	134	228	141	181	137	244	154	164	147	205	159	215	162	195	162	233	159	179	158	207	194	233	209	172	205	182	223	230	224	174	272	128	278	146	287	146	270	232	275	277	281	258	274	257	292	101	290	181	288	300	292	223	291	245	300	261	305	285	309	243	292	263	294	281	295	123	310	147	307	168	302	123	291	138	292	161	291	77	248	80	226	84	205	89	179	94	156	106	132	129	109	150	90	177	75	303	243	299	223	299	204	297	183	293	157	287	133	272	112	250	91	232	75	205	150
70	281	403	280	83	278	146	303	151	251	151	321	164	233	165	279	173	293	173	266	176	309	172	248	173	285	208	311	221	251	220	259	239	303	241	248	277	201	284	220	294	218	276	306	277	352	279	330	273	331	292	172	303	255	304	373	300	301	302	320	320	345	326	367	316	324	304	341	310	356	304	190	325	220	330	244	323	193	313	216	317	237	311	143	250	148	228	147	214	152	179	161	159	176	135	195	115	221	95	248	83	384	259	380	234	374	208	372	193	366	166	360	145	347	121	332	104	310	89	279	163
71	203	379	203	37	201	101	228	108	173	107	248	123	152	125	200	129	214	133	187	135	230	128	170	129	199	164	230	175	169	183	173	198	223	194	174	247	126	249	148	260	147	244	229	244	274	243	256	240	258	256	100	267	180	274	300	271	225	275	242	292	271	298	294	287	245	275	267	274	286	269	113	297	139	300	158	300	118	278	137	279	160	276	83	215	87	196	94	167	98	150	109	124	116	95	129	76	149	57	174	44	313	210	308	185	305	164	303	150	294	122	282	92	270	74	252	54	229	42	199	119
72	213	371	219	48	218	120	240	126	197	121	265	131	176	130	216	143	227	146	208	146	245	140	190	141	218	175	249	188	186	184	192	204	239	203	190	249	139	249	159	261	159	243	244	248	293	253	273	244	273	264	110	264	190	278	317	270	238	280	255	297	277	295	303	289	261	286	281	287	298	282	125	288	146	300	170	297	128	278	149	283	171	280	91	218	95	189	100	169	110	136	114	116	127	95	143	76	167	64	191	54	342	219	341	198	337	168	332	141	325	121	310	98	297	80	276	70	251	56	218	135
73	266	388	245	90	250	150	271	153	228	155	289	159	208	164	250	170	260	174	240	176	276	166	225	172	251	204	281	211	221	217	227	232	275	230	223	277	178	286	198	293	197	277	283	272	328	272	307	264	308	281	154	303	229	298	356	284	280	296	301	308	321	310	348	304	299	293	319	294	341	294	169	320	195	321	219	313	174	309	195	305	213	302	130	259	133	239	134	215	134	187	140	165	151	145	170	126	194	109	218	98	366	240	362	220	356	199	351	176	344	154	334	133	321	113	299	101	275	91	251	163
74	214	419	235	66	232	124	257	135	206	126	277	146	188	141	228	156	238	158	220	157	261	154	201	153	229	190	267	203	194	197	202	222	254	223	191	264	139	270	160	281	161	262	259	269	309	278	288	268	285	287	110	280	190	293	334	301	252	302	268	319	292	320	312	317	275	308	295	309	314	307	121	300	151	314	179	308	126	293	150	299	173	296	84	242	94	212	101	182	108	162	119	133	130	109	153	94	180	77	206	64	351	254	346	224	341	198	340	168	336	143	332	125	311	104	287	86	268	70	229	145
75	236	460	222	119	225	184	247	187	199	191	263	199	183	205	225	211	237	212	213	213	251	207	199	211	228	243	255	251	199	256	206	270	248	269	203	318	151	326	177	336	174	316	259	312	313	313	286	306	288	329	129	348	208	344	334	339	255	339	274	356	298	362	320	356	277	347	296	344	315	342	146	368	177	373	192	363	150	353	172	352	191	349	110	300	115	279	118	254	117	227	123	203	136	177	151	157	173	139	195	125	349	285	343	262	337	237	332	214	324	190	310	165	290	147	271	137	250	125	224	199
76	192	339	191	62	193	113	216	117	173	117	231	128	158	131	192	142	204	144	183	146	217	138	171	141	192	167	218	173	167	173	171	187	212	190	169	232	128	233	148	244	147	229	215	230	256	232	237	228	238	242	104	249	173	254	281	241	209	255	229	270	253	271	275	258	229	260	248	257	267	254	117	264	137	269	155	267	120	258	140	261	155	258	90	212	92	190	92	173	97	152	104	127	113	109	128	94	147	80	170	71	298	207	296	183	292	168	289	144	284	121	272	105	257	91	236	76	217	66	194	130
77	175	387	180	117	178	176	201	179	156	179	216	184	140	186	177	198	186	199	168	200	202	192	152	197	177	220	203	231	153	234	158	247	193	247	152	288	116	289	131	296	131	283	201	285	240	287	225	283	224	297	99	297	155	308	258	298	190	307	209	325	232	325	249	315	212	312	231	316	243	307	109	315	130	325	146	323	113	309	128	313	142	311	86	264	88	240	91	216	99	206	99	187	108	168	123	153	141	135	159	124	276	263	277	245	275	226	265	203	259	182	251	162	239	147	222	132	199	115	178	189
78	211	412	207	89	208	142	233	147	181	148	251	162	161	162	207	171	218	173	194	173	238	171	178	171	211	200	242	212	177	211	183	229	234	229	177	283	130	292	148	298	149	280	235	281	286	288	262	279	263	296	98	310	177	305	318	292	235	308	265	322	277	322	301	314	257	314	272	309	299	299	114	330	140	326	169	315	121	318	144	313	160	311	78	266	82	243	90	223	99	202	104	171	112	148	132	127	155	106	179	94	329	255	324	232	317	206	313	182	307	160	295	137	279	123	257	104	235	92	209	159
79	242	420	248	86	248	153	275	157	220	156	291	168	201	168	247	182	258	185	234	185	279	181	217	181	251	218	279	231	214	225	221	248	267	248	215	289	163	292	185	304	185	284	272	292	325	297	302	288	302	307	134	311	221	315	350	318	267	318	285	334	306	341	334	340	287	324	309	332	334	327	147	332	177	339	205	332	152	322	176	327	203	320	121	259	124	234	123	210	128	178	138	163	149	138	166	116	191	104	220	90	365	267	361	243	359	223	351	195	341	168	335	148	321	127	302	109	277	93	248	170
80	201	411	205	92	202	154	229	159	175	158	249	173	154	168	198	180	212	182	188	184	230	180	171	179	198	207	235	221	168	222	175	238	226	240	175	281	124	287	147	295	145	277	231	283	280	285	258	280	258	296	96	300	181	298	308	303	220	295	241	314	268	325	298	321	240	302	268	308	289	306	113	326	136	333	169	322	117	308	139	311	162	305	79	262	82	235	88	219	97	192	101	169	112	141	128	119	152	103	179	96	328	255	323	233	320	210	311	187	306	169	296	145	284	122	260	106	234	101	199	170
81	196	392	187	79	186	130	213	135	159	137	228	152	143	155	186	158	200	161	173	162	215	158	159	160	187	180	219	198	154	198	162	217	211	211	163	262	117	268	137	273	136	260	216	260	262	265	241	256	243	275	91	285	167	287	282	281	209	283	227	298	251	302	273	298	229	287	252	286	267	284	108	304	130	306	152	304	108	291	130	290	154	288	74	248	77	220	78	194	84	173	87	152	100	126	114	108	136	98	159	87	296	239	294	212	293	195	284	166	281	145	270	120	253	104	236	94	210	83	186	148
82	202	389	200	77	201	139	222	141	176	145	243	146	160	154	196	161	206	164	186	161	225	155	173	161	201	193	233	212	174	211	178	231	223	229	172	268	128	268	146	278	146	265	227	267	269	272	251	267	250	281	105	278	175	290	292	286	215	290	237	304	256	304	277	302	238	292	258	295	276	286	120	298	143	308	164	302	123	287	144	293	163	290	85	239	88	216	92	195	98	170	101	147	112	120	130	98	151	88	175	75	320	243	316	221	317	201	311	172	299	146	290	119	275	102	255	95	232	83	198	153
83	208	384	223	43	220	108	245	117	195	114	257	133	179	129	220	137	230	141	205	142	246	138	189	139	220	159	251	179	186	174	190	192	246	192	187	246	138	249	159	258	161	240	240	247	289	254	268	247	266	267	110	262	194	268	308	268	236	269	253	283	266	288	291	287	256	271	273	274	294	276	122	283	151	288	171	285	128	268	148	270	175	270	96	223	105	201	105	184	110	160	121	128	130	105	150	82	175	63	200	47	319	235	318	212	315	192	313	165	309	139	301	116	287	91	275	74	250	49	220	124
84	224	436	241	67	240	135	267	141	217	136	281	154	198	150	237	157	252	164	225	162	270	158	211	159	239	200	271	214	204	211	212	229	261	230	200	290	146	289	169	304	170	284	263	297	314	301	291	292	292	313	116	305	202	310	343	312	252	317	272	338	299	346	331	335	275	322	295	324	322	319	130	327	160	335	187	331	135	309	160	315	184	315	98	259	102	229	113	193	119	173	129	149	142	123	163	101	187	88	214	77	357	273	355	249	350	224	344	190	339	160	330	132	315	106	294	88	277	76	240	150
85	200	383	211	72	207	137	231	140	182	136	249	143	162	144	207	154	220	157	193	158	235	155	177	156	209	185	238	201	179	197	184	217	227	221	177	258	130	260	151	267	151	254	231	258	278	263	260	259	258	272	113	289	181	289	302	285	224	286	237	304	262	309	286	304	242	288	264	295	286	296	118	304	139	309	164	307	120	291	141	293	164	292	90	230	95	210	96	186	99	163	108	137	116	116	134	102	158	86	181	73	321	236	317	209	312	191	310	174	304	149	295	124	281	95	261	87	239	73	207	147
86	203	390	215	51	214	121	236	125	190	124	253	137	170	138	212	148	226	153	198	150	241	146	185	147	213	185	246	198	179	199	185	220	235	214	182	257	135	262	157	270	157	252	239	257	284	258	263	252	263	269	109	279	188	282	309	271	228	284	245	297	276	302	301	297	251	284	271	290	293	281	124	299	145	302	170	300	128	282	150	287	167	285	88	230	92	203	99	183	106	162	116	131	126	104	138	85	157	71	187	58	336	241	333	215	327	187	321	165	314	138	302	109	287	83	269	72	245	55	213	137
87	228	413	228	56	230	137	253	143	204	143	274	147	181	149	229	163	245	167	216	165	261	160	198	160	231	189	264	207	196	207	202	228	256	222	199	278	146	283	169	293	167	274	254	277	310	283	286	273	285	292	116	298	203	307	332	299	251	304	268	312	289	320	316	320	274	306	291	306	316	311	130	317	159	324	188	316	137	303	161	308	180	308	87	256	90	229	94	195	101	170	106	144	125	113	147	97	172	80	196	64	351	250	346	222	344	201	344	172	336	148	320	115	301	93	286	83	268	67	229	152
88	201	377	168	40	175	95	199	98	149	101	216	106	133	116	174	120	185	123	166	125	202	114	149	121	180	153	213	168	147	168	157	191	209	187	158	246	109	256	131	263	128	247	216	240	267	241	244	237	243	253	82	280	165	271	295	268	207	269	228	289	260	291	281	286	231	275	255	278	278	273	103	301	125	301	148	298	103	285	125	285	147	280	56	244	59	218	65	195	70	166	76	141	85	116	99	89	118	63	141	45	303	216	295	190	289	165	283	138	273	116	253	86	235	68	216	56	196	43	175	109
89	194	428	198	82	194	151	221	151	170	154	241	156	153	161	191	169	204	171	178	171	225	165	165	170	189	199	224	211	159	215	164	231	217	229	163	281	111	284	132	293	132	279	223	276	271	278	251	276	251	289	86	296	166	308	297	296	210	301	228	319	259	323	286	320	233	303	257	306	280	308	96	316	127	327	151	323	103	307	122	308	145	308	76	256	78	232	81	212	87	189	93	165	106	144	122	117	141	102	167	88	320	249	320	227	318	200	310	177	305	157	292	133	275	117	249	97	227	89	193	161
90	191	398	193	78	194	146	218	148	171	145	238	157	152	155	193	160	206	165	180	164	223	161	167	161	191	196	225	210	160	208	167	226	221	225	165	270	120	273	141	283	141	266	221	272	266	276	245	269	246	285	87	278	167	290	302	284	207	290	224	307	256	315	286	306	231	294	254	298	281	297	96	298	128	308	155	304	105	289	129	294	150	290	74	247	78	223	86	203	91	180	98	152	108	129	121	105	141	88	167	78	321	257	320	231	313	201	309	180	303	155	289	126	274	107	252	90	227	86	194	153
91	206	398	206	62	203	128	231	132	175	133	251	145	153	148	205	155	216	156	190	158	233	154	173	159	207	192	239	198	173	199	177	218	229	217	174	265	124	266	146	274	147	259	237	261	288	261	266	256	265	274	102	284	182	295	312	277	226	293	247	305	273	303	297	296	252	294	273	292	292	287	115	301	137	309	165	308	121	291	139	297	164	297	78	239	80	215	81	188	83	157	95	135	109	116	131	96	153	83	176	70	321	224	323	193	325	182	318	157	311	136	299	113	282	95	262	83	239	66	205	148
92	226	400	219	88	221	157	248	156	201	162	268	168	177	173	225	185	240	191	212	188	255	181	193	185	229	210	262	225	194	224	204	243	253	241	198	284	148	287	168	295	168	280	253	281	297	282	276	276	275	290	123	301	202	312	324	302	250	308	272	319	280	322	306	318	267	304	282	307	305	305	135	325	167	332	193	327	140	311	162	315	185	311	89	266	95	248	97	215	110	184	115	169	128	139	140	118	165	108	193	95	342	249	337	223	328	208	324	187	322	161	309	140	291	116	273	102	246	91	224	171
93	207	420	202	74	205	148	229	152	177	153	248	166	159	168	204	170	220	174	195	172	234	174	176	172	205	198	236	213	174	217	181	233	229	230	178	282	129	291	152	299	149	282	233	283	279	286	257	281	258	295	106	309	188	306	302	303	227	308	247	328	270	333	291	322	246	310	268	312	283	311	118	327	145	331	173	328	125	312	147	316	168	309	84	264	84	234	86	211	88	185	95	154	106	135	129	110	149	88	173	75	306	254	303	238	300	216	303	181	295	152	289	136	273	119	252	95	229	81	206	164
94	211	402	219	107	213	166	236	171	193	169	251	183	177	180	214	191	224	197	205	193	240	190	191	190	212	225	240	233	186	233	190	251	233	252	188	289	143	290	163	299	162	284	242	291	286	292	264	288	264	301	120	303	193	310	310	310	234	312	251	329	274	329	295	328	252	314	271	315	294	318	131	321	154	326	177	325	138	308	156	311	176	311	101	262	105	244	106	219	110	193	118	176	130	153	148	136	167	120	194	111	325	265	324	242	322	219	317	192	312	171	301	151	286	131	267	120	244	105	214	182
95	188	368	200	62	193	125	216	129	173	123	237	134	154	129	192	138	201	142	178	142	220	141	167	139	190	170	218	185	163	183	166	199	213	201	162	242	118	244	138	252	138	237	215	241	257	245	241	240	240	257	93	255	168	264	285	266	200	262	216	280	246	286	271	281	225	266	244	270	268	271	103	277	128	283	153	282	111	262	128	270	147	266	77	216	80	193	88	174	96	150	105	125	113	107	125	89	148	70	174	63	311	223	310	197	307	176	300	155	298	136	286	115	274	99	252	78	227	66	193	134
96	224	391	231	90	229	148	247	151	208	151	263	164	190	164	228	170	237	172	217	174	252	170	204	171	228	200	257	211	201	212	208	232	250	227	200	270	154	274	173	281	173	268	255	271	299	275	280	270	279	283	134	289	204	294	318	293	246	295	265	309	288	317	307	311	268	300	286	301	302	298	145	306	170	312	195	306	148	295	167	298	187	296	122	254	128	231	131	216	135	194	137	167	149	145	164	127	182	104	203	91	334	262	328	231	322	206	320	187	317	168	305	142	296	125	275	113	258	95	230	164
97	201	429	219	68	221	140	246	143	191	139	263	161	171	156	216	162	231	167	200	164	248	164	185	164	216	189	250	209	178	201	189	220	241	227	182	276	134	277	154	287	154	271	239	280	285	283	266	279	264	294	116	299	189	306	308	305	222	306	246	336	275	341	299	331	246	311	272	320	293	316	117	321	146	330	172	328	126	302	147	307	170	308	87	249	94	218	103	193	108	172	116	151	128	128	147	107	167	85	193	72	337	258	337	236	334	206	322	182	318	160	310	135	291	112	267	87	247	75	218	154
98	207	428	215	99	212	163	237	170	187	167	258	179	164	180	215	194	227	199	204	198	244	194	182	190	214	227	245	240	179	241	187	260	236	258	180	303	135	300	153	311	152	296	239	302	283	297	263	296	265	311	109	316	192	325	308	315	236	329	255	348	281	347	295	342	260	331	274	332	292	332	125	340	148	347	177	348	128	330	149	331	173	328	86	270	91	241	91	222	102	192	109	168	115	149	137	126	158	109	184	104	327	274	320	247	313	219	310	199	305	176	301	153	283	132	265	114	243	98	213	183
99	222	403	226	73	221	148	245	157	196	151	265	164	177	163	221	176	232	175	210	176	251	175	191	173	225	211	258	221	189	220	193	238	240	241	188	284	142	285	162	293	161	279	246	281	296	285	273	277	272	295	121	295	195	307	315	294	242	313	258	322	285	323	304	315	259	311	285	309	301	307	129	314	154	320	177	318	137	304	154	311	175	308	93	260	96	236	100	209	105	175	111	158	125	130	143	108	168	88	197	76	329	256	333	231	337	214	330	183	325	161	314	140	297	118	281	94	255	78	221	167
100	209	388	232	37	227	111	251	119	202	112	265	121	182	117	224	128	235	131	211	128	252	130	199	126	223	169	254	179	191	171	198	193	243	199	193	239	145	236	165	249	164	231	244	241	290	244	269	238	268	253	120	244	200	265	318	263	232	265	254	288	282	291	305	282	258	269	278	272	299	269	130	268	160	279	186	279	138	255	161	263	182	263	94	212	95	181	104	154	113	126	121	104	138	78	156	58	176	44	205	38	340	229	338	200	336	166	332	141	328	121	319	98	302	71	286	55	261	43	225	123
101	225	420	207	68	208	139	237	143	179	147	257	153	156	163	208	165	223	169	197	171	243	164	179	171	214	185	250	204	178	211	184	224	245	225	187	277	135	286	160	291	157	273	246	273	292	273	272	271	271	284	110	304	196	302	318	295	243	305	261	320	289	325	307	312	267	305	285	309	300	303	125	321	157	330	179	321	129	311	147	314	173	309	76	263	75	238	81	206	85	178	92	148	105	123	118	97	149	84	176	71	333	247	332	224	329	198	324	167	317	147	304	122	286	103	266	87	236	71	210	156
102	165	390	184	100	179	160	199	166	154	165	219	176	134	173	176	179	189	180	167	179	204	180	151	179	175	199	203	216	150	213	155	231	194	232	148	269	106	269	125	279	125	265	199	272	239	276	221	271	221	284	81	282	148	292	262	296	189	294	203	310	230	319	253	317	208	299	228	304	244	303	93	304	114	309	138	306	98	294	117	295	132	294	60	246	68	219	71	198	79	178	81	164	93	137	111	119	133	110	158	99	276	253	280	231	276	213	267	192	262	173	259	153	248	132	235	122	208	106	179	170
103	209	417	205	87	208	143	232	150	184	147	241	166	170	163	208	171	220	173	196	174	232	170	182	172	204	203	233	216	178	216	184	235	226	233	181	282	140	285	155	292	157	280	233	280	277	282	259	280	259	290	108	296	184	310	299	291	225	306	245	324	270	328	292	315	247	310	265	310	284	302	119	322	148	331	171	324	127	308	148	313	167	311	94	264	96	244	102	211	109	190	114	172	130	150	142	122	160	105	179	94	318	256	316	235	309	208	301	187	293	164	282	141	267	121	255	108	232	91	207	161
104	176	397	178	60	182	130	202	135	158	134	215	145	141	146	181	160	193	160	171	158	204	155	156	156	181	190	210	199	152	201	158	218	201	219	153	257	108	257	128	268	128	254	205	256	247	256	228	253	228	266	85	273	162	284	272	275	193	283	216	304	241	305	265	295	220	285	240	285	256	281	94	291	122	301	150	300	101	277	122	283	146	282	65	231	67	214	73	184	79	154	82	133	93	109	112	98	132	81	154	66	288	227	291	205	284	184	278	161	273	136	263	113	249	94	230	78	205	61	181	146
105	210	428	229	77	226	153	248	157	202	156	266	164	177	161	224	184	240	188	213	187	256	181	194	178	220	218	248	230	188	221	197	244	240	241	188	284	140	283	160	295	159	279	244	285	288	289	267	282	267	299	112	294	205	308	309	306	231	309	251	332	280	336	301	325	252	314	274	316	294	309	124	318	154	327	185	326	131	302	152	311	183	311	86	251	91	228	98	190	104	169	116	145	127	125	146	105	172	91	201	81	332	269	338	245	328	212	323	193	322	173	313	147	300	116	281	104	259	86	224	170
106	211	435	210	85	207	151	230	156	186	157	256	164	161	166	209	171	223	175	197	174	239	170	182	174	210	201	243	218	177	220	186	238	234	234	180	286	131	284	152	296	152	280	239	284	285	283	262	281	264	294	104	303	190	311	311	306	225	310	248	329	272	330	298	325	248	310	273	316	293	313	124	323	145	330	175	333	126	306	148	310	169	311	80	261	82	235	83	209	90	186	98	159	107	134	123	111	151	100	180	86	331	254	328	233	326	202	321	179	311	157	301	133	284	115	261	100	233	84	210	166
107	221	391	234	48	230	110	253	118	202	113	273	131	182	132	227	142	242	146	218	145	260	142	198	140	228	169	263	186	191	181	201	203	253	203	191	248	139	249	162	264	162	245	256	251	304	253	280	250	280	268	104	259	196	269	328	269	246	274	266	287	291	295	311	297	272	279	290	277	309	277	123	287	154	289	181	284	128	269	150	276	174	272	83	216	88	192	98	159	99	128	121	112	130	94	148	71	174	53	203	48	352	234	353	214	344	186	338	154	332	129	326	103	302	81	284	66	265	50	229	130
108	214	403	207	68	205	127	234	134	181	133	249	150	165	151	206	166	215	168	193	167	233	159	180	163	207	204	242	210	169	206	179	230	228	234	177	276	135	281	156	287	155	273	240	272	289	276	264	270	264	286	109	302	189	304	313	293	227	300	251	322	277	326	298	315	251	305	273	305	294	301	124	318	147	325	171	321	127	309	147	309	167	308	84	244	84	220	88	202	94	174	99	147	116	128	132	105	154	86	180	70	333	236	332	209	329	190	326	168	315	146	303	118	285	99	266	82	233	69	206	151
109	188	351	204	52	202	106	230	110	166	107	250	125	151	122	196	124	211	128	186	132	230	128	169	127	196	153	231	166	160	168	171	183	221	184	170	226	126	230	145	238	144	224	221	227	265	232	248	226	247	242	100	241	177	253	289	252	213	251	229	270	251	276	274	272	234	258	252	261	274	259	119	264	140	269	159	265	119	251	142	257	160	252	88	202	95	182	95	159	98	136	103	109	115	93	131	80	152	60	179	52	310	206	309	181	310	158	308	133	299	107	289	94	272	75	253	65	235	57	199	118
110	174	363	173	51	172	103	199	108	144	113	210	123	133	132	174	132	184	135	163	137	200	130	146	135	173	164	202	173	144	178	150	195	196	190	146	239	102	242	120	249	119	235	199	237	244	240	226	234	227	247	79	259	151	261	268	257	193	261	211	274	235	283	262	274	215	263	235	264	252	263	91	274	114	278	140	273	95	262	113	264	133	261	67	224	67	202	69	181	73	158	77	133	93	105	106	91	123	64	148	52	288	220	282	192	278	170	272	146	264	123	248	96	237	78	219	65	199	52	173	120
111	203	404	200	71	200	134	222	137	175	138	238	149	157	153	198	158	208	162	188	162	226	157	173	158	201	194	231	206	171	207	178	224	226	224	173	275	127	284	147	290	146	274	231	274	275	279	256	272	256	288	103	303	176	294	297	293	226	291	244	299	261	305	280	309	242	293	260	294	279	295	124	310	147	312	169	305	126	295	143	305	162	299	82	256	86	233	90	204	95	186	102	160	111	136	130	106	146	90	172	75	310	251	305	222	303	204	298	181	294	151	279	126	262	98	248	87	227	74	199	150
112	282	396	267	74	270	144	293	148	244	151	314	158	225	165	271	171	284	171	259	175	301	167	244	172	279	202	305	215	243	218	249	232	297	233	246	277	197	287	217	293	217	278	304	273	350	273	329	267	329	285	172	306	253	303	374	290	298	300	321	315	347	320	362	309	322	299	339	301	356	297	188	323	217	332	242	322	193	318	215	315	234	310	144	260	146	233	147	220	147	189	156	167	167	139	191	115	211	93	239	78	382	242	380	221	376	200	367	172	360	149	353	130	336	113	320	95	297	77	271	160
113	198	375	195	33	196	100	222	107	171	107	246	124	151	124	196	127	211	133	185	131	228	131	168	128	197	164	230	178	166	179	170	198	221	197	170	247	123	251	145	261	143	245	226	245	275	244	253	241	254	256	97	272	178	276	300	264	224	279	239	294	265	301	292	291	244	277	264	277	281	275	109	296	134	304	156	300	116	277	137	278	156	278	80	220	84	199	90	165	96	142	100	125	114	101	125	79	147	59	168	43	311	213	307	188	303	169	300	150	290	116	276	88	265	72	247	58	224	39	195	117
114	227	396	227	96	227	148	248	157	204	154	264	169	185	166	226	172	237	174	215	174	252	175	202	171	225	197	258	213	194	211	200	228	250	227	196	276	152	285	172	291	171	275	257	275	303	282	284	275	285	293	130	297	201	297	328	297	248	293	268	310	290	315	312	311	269	295	285	301	308	303	145	313	166	315	189	309	145	303	165	304	186	298	113	252	117	232	120	211	124	192	133	167	144	148	162	124	179	109	202	100	342	261	335	235	329	205	330	184	320	166	306	142	290	126	275	111	254	99	226	165
115	207	358	214	47	211	110	238	116	190	113	256	121	170	119	211	133	222	138	201	136	242	132	184	130	210	166	240	176	180	174	186	193	230	194	182	238	132	239	153	252	151	233	236	239	289	243	267	236	266	255	103	254	185	263	314	261	225	269	246	286	270	286	295	281	252	273	272	276	294	273	116	278	141	287	170	286	123	269	146	272	169	268	87	210	89	181	92	162	100	134	109	111	118	89	138	70	159	60	184	49	339	220	337	192	335	169	328	138	318	117	308	99	296	83	274	65	243	53	211	124
116	278	403	285	94	284	148	309	155	262	152	324	162	241	161	284	171	294	176	274	175	312	168	260	172	284	206	313	217	251	215	258	232	306	234	249	277	201	279	222	290	222	273	310	276	357	281	334	273	332	290	176	297	251	296	380	292	304	300	326	315	348	319	366	312	321	299	343	302	361	302	188	314	219	317	239	312	197	302	216	305	234	300	154	252	158	225	162	208	165	181	172	157	184	136	209	116	230	105	258	94	391	256	391	233	386	210	380	187	375	164	371	141	352	121	334	109	312	98	284	163
117	210	428	232	61	225	132	250	142	197	133	271	149	173	147	222	164	233	167	213	165	254	160	193	161	220	198	259	209	186	206	195	230	248	228	184	271	133	275	156	286	156	267	252	272	303	282	282	272	281	289	105	287	191	296	326	301	239	303	262	323	286	327	312	324	269	309	285	311	311	310	118	311	148	319	175	316	121	302	145	304	170	302	81	245	87	217	93	188	100	148	117	124	128	108	147	88	174	76	201	64	351	257	349	230	345	204	345	176	331	147	323	118	302	104	284	81	259	71	223	153
118	194	334	194	62	196	112	217	115	175	115	233	125	159	128	193	138	205	141	185	141	219	135	172	138	194	164	221	171	167	170	173	187	214	187	171	229	130	231	149	242	148	227	217	228	257	229	240	225	240	239	109	252	172	253	284	240	211	252	229	266	255	268	277	256	231	256	251	255	272	252	120	262	139	267	160	263	123	256	144	258	157	255	90	209	92	189	96	173	98	146	106	123	115	104	131	91	149	77	172	69	299	205	296	180	293	166	290	141	284	117	272	100	254	85	239	79	220	66	196	127
119	178	386	184	111	185	170	205	174	162	171	220	182	147	182	182	191	192	194	174	195	208	189	158	190	183	216	209	229	160	228	165	242	199	241	158	281	121	284	136	292	136	279	206	281	242	280	230	278	229	294	105	298	159	306	262	295	199	307	218	321	239	322	256	312	221	309	238	310	248	300	110	314	129	321	149	317	116	304	131	311	146	309	90	255	91	234	101	215	109	200	107	183	115	163	132	139	142	126	164	118	281	261	282	245	276	223	265	193	264	178	255	161	243	140	226	128	208	113	183	182
120	230	424	231	101	229	150	254	156	199	153	271	168	178	170	225	179	237	182	212	184	257	177	196	180	228	209	260	220	196	221	202	239	251	237	197	289	149	298	171	304	170	287	256	288	306	297	283	289	285	303	118	316	200	309	334	308	252	312	272	333	297	335	320	329	277	318	289	315	313	312	133	335	163	332	187	321	137	321	162	320	179	314	101	266	109	248	115	222	119	202	127	177	136	152	154	134	177	121	203	103	355	264	348	240	342	217	338	193	333	172	319	146	306	129	279	112	258	102	228	168
121	244	402	248	62	250	131	275	136	224	134	294	148	203	146	249	160	260	164	238	165	281	162	219	161	254	198	282	207	216	204	221	225	270	224	217	269	166	271	188	282	189	264	278	270	327	274	306	266	304	287	138	292	225	291	352	297	268	296	288	313	313	321	330	311	289	304	313	307	335	304	153	314	181	317	211	309	155	303	180	305	208	300	124	242	129	215	129	191	133	160	141	143	152	119	175	94	197	83	223	69	368	244	366	220	363	197	354	171	341	143	335	125	322	105	304	91	279	75	249	149
122	201	418	210	99	208	162	234	168	179	167	253	179	158	177	204	185	216	192	193	192	235	184	175	187	204	216	238	231	173	231	179	247	229	250	179	289	126	293	151	304	150	287	235	290	285	294	262	287	263	304	100	315	189	313	314	304	228	308	243	325	269	335	303	327	248	317	271	318	295	316	116	337	138	335	168	330	121	322	145	320	170	316	82	270	85	243	91	220	99	195	106	168	119	146	134	125	155	112	184	104	334	265	328	237	323	216	315	191	309	170	299	144	281	125	257	109	241	107	205	177
123	220	414	211	95	211	151	240	154	187	156	255	171	170	174	213	173	227	179	201	181	243	176	184	179	215	200	245	216	182	219	189	236	238	235	190	281	145	285	164	294	163	279	243	279	288	279	268	276	270	290	121	301	195	305	311	299	238	303	257	317	277	320	300	314	257	310	274	305	296	299	137	323	161	324	185	321	138	308	156	308	179	305	102	260	100	244	107	217	112	195	114	176	128	148	143	130	162	118	186	104	324	257	320	231	319	210	314	183	306	162	297	142	279	129	262	112	241	106	212	166
124	200	396	193	85	192	142	217	147	171	149	238	150	153	158	191	165	203	171	182	168	221	159	167	166	196	197	228	215	167	214	171	231	220	231	170	271	123	274	145	283	144	269	221	272	266	279	248	273	248	285	102	287	180	289	286	291	208	291	226	303	250	307	271	302	230	292	254	300	267	295	117	299	138	305	164	305	121	288	138	292	161	292	75	250	82	223	87	205	94	178	97	152	105	122	124	109	146	96	167	88	313	243	312	221	311	196	303	166	297	148	285	124	268	109	249	101	225	91	193	158
125	213	389	222	45	222	111	246	118	198	118	260	136	181	131	220	145	236	148	208	150	245	144	195	141	223	171	252	187	189	184	193	205	245	202	190	252	142	256	163	265	163	247	241	254	290	259	269	251	269	271	113	271	196	278	310	276	237	279	255	290	269	295	299	292	258	279	276	280	299	280	125	292	154	296	174	292	132	280	154	279	176	280	96	228	103	206	102	188	107	164	120	134	132	110	145	84	171	71	199	53	323	234	321	211	317	188	315	164	311	145	302	123	290	95	275	75	251	52	221	130
126	229	439	244	71	240	140	267	145	217	144	285	160	194	158	238	163	251	170	223	169	270	166	210	166	239	205	272	222	204	217	208	234	264	240	202	296	147	297	169	309	171	291	265	299	315	303	291	298	289	318	117	311	204	316	342	324	251	320	273	341	300	349	328	339	278	322	297	327	324	326	131	334	162	340	189	334	137	314	163	324	185	321	99	263	108	231	115	206	122	180	129	159	136	135	161	109	184	86	215	78	358	281	351	259	349	232	345	201	342	176	333	146	318	120	299	97	276	86	240	156
127	194	404	197	71	193	143	217	145	169	141	237	148	150	150	195	160	205	161	182	165	224	158	166	161	195	190	224	208	165	203	171	221	216	224	164	263	120	267	137	273	137	260	217	265	264	269	246	265	245	279	92	291	167	298	288	297	208	290	226	313	253	318	273	310	229	295	252	301	275	302	101	305	124	316	151	313	107	296	126	302	152	300	77	237	81	216	83	195	87	169	93	148	99	121	125	104	146	90	170	79	307	241	304	217	300	187	291	168	284	143	280	122	270	108	248	96	224	77	194	151
128	217	373	214	47	210	116	235	121	185	118	250	131	169	131	211	143	224	148	195	146	238	140	182	141	211	178	242	192	179	191	182	213	239	211	180	252	134	258	156	266	156	249	237	255	281	255	261	248	261	265	108	277	189	274	306	275	227	279	245	293	275	298	298	295	252	280	270	282	292	278	124	300	147	299	171	296	125	279	146	283	168	280	82	233	87	203	93	178	102	160	113	131	121	104	135	88	156	67	186	57	333	237	330	211	323	182	316	157	310	135	298	101	282	85	264	68	239	50	211	131
129	223	415	219	59	221	140	245	143	194	145	265	148	171	151	223	165	236	168	210	169	252	162	189	163	225	192	256	211	187	209	195	230	249	225	191	281	138	286	160	295	160	277	250	278	302	284	278	275	278	293	113	303	196	306	324	304	245	304	260	312	282	320	311	315	265	309	286	310	308	309	125	320	154	325	179	313	132	306	151	312	175	304	79	262	80	233	85	201	90	173	96	150	111	118	135	97	159	81	188	65	342	251	338	226	337	202	332	172	326	150	315	124	290	101	275	85	252	69	221	154
130	214	378	173	46	181	100	208	104	154	107	225	111	137	125	184	127	195	130	172	130	211	120	156	131	187	159	223	172	156	180	166	201	221	192	167	253	120	266	143	271	139	253	226	247	276	248	252	242	255	259	93	291	175	275	309	273	212	273	233	290	270	290	289	292	238	276	265	278	287	279	115	310	135	305	159	299	113	295	131	291	158	283	72	251	75	223	76	199	79	173	87	144	97	125	107	98	122	74	147	58	318	223	308	193	300	168	291	147	280	117	264	94	245	76	224	57	201	47	183	117
131	195	421	197	73	192	145	218	145	169	149	242	151	152	153	192	163	205	167	178	168	227	159	165	162	190	194	224	206	162	210	166	227	217	224	165	278	113	279	133	288	132	273	224	271	274	272	252	270	252	285	89	293	168	298	299	291	210	296	234	316	259	320	289	314	231	297	258	302	283	296	98	312	126	322	152	316	105	302	124	304	144	302	78	242	78	226	84	201	90	186	94	158	104	140	121	110	143	96	169	81	322	244	322	219	319	194	314	173	306	153	293	125	272	109	251	89	226	77	193	157
132	208	378	212	60	213	126	239	127	188	127	257	138	170	137	212	141	224	146	201	146	243	143	187	144	210	180	241	192	181	189	187	209	235	207	184	252	139	254	160	265	159	249	238	255	285	260	265	253	265	269	104	261	186	272	320	271	223	270	242	287	275	296	305	288	249	275	271	280	302	279	118	285	149	292	176	285	127	271	149	276	171	272	93	230	96	206	105	183	110	161	118	129	129	112	141	90	161	72	187	61	343	242	340	213	332	184	328	164	323	141	310	108	295	89	271	72	249	69	213	136
133	194	426	206	100	198	169	222	174	176	171	244	180	153	181	199	182	212	185	189	186	230	185	171	186	196	213	228	226	166	228	175	248	222	242	170	284	123	286	144	296	143	281	221	285	264	292	244	287	246	301	96	299	180	304	289	310	217	311	237	329	261	329	283	324	236	310	256	315	273	314	108	316	139	324	164	319	116	305	137	309	160	307	75	268	76	243	77	210	84	182	89	162	104	140	127	123	148	113	174	103	312	267	311	243	307	217	303	194	299	172	288	148	276	134	254	111	232	103	200	177
134	212	420	213	74	211	143	239	150	187	151	260	160	162	162	213	170	225	173	199	173	241	170	182	173	213	204	248	215	179	213	183	231	236	231	182	280	133	280	153	289	153	274	244	276	296	277	272	272	271	288	110	297	188	306	312	299	231	309	253	320	278	318	304	313	257	309	277	307	301	302	124	316	144	323	172	321	127	307	147	311	169	310	87	255	89	227	91	199	95	174	105	152	118	131	142	114	161	98	186	84	334	243	329	215	326	197	324	185	317	156	307	130	292	113	271	96	247	78	213	162
135	216	415	211	76	213	141	236	148	189	151	260	163	171	163	215	165	231	170	202	169	248	166	185	168	216	196	254	205	186	213	191	228	246	231	193	283	142	290	164	299	162	281	243	281	289	288	272	279	270	291	117	307	208	297	306	310	238	307	256	327	283	333	308	320	258	310	276	310	297	301	127	318	168	333	194	324	137	316	164	315	188	308	91	255	92	232	92	214	96	188	107	154	114	136	134	120	163	92	182	77	317	247	313	228	314	211	312	195	309	167	294	136	275	117	253	88	241	81	218	160
136	232	398	232	81	235	152	255	152	206	151	273	160	193	156	232	170	241	174	221	176	259	171	207	168	231	200	255	209	202	206	207	217	252	220	205	260	163	268	182	274	179	258	252	260	291	265	275	259	274	272	137	274	214	287	316	275	246	286	261	303	286	303	306	292	261	288	274	290	294	293	145	299	169	304	197	300	153	282	174	290	199	290	124	234	129	218	130	199	132	171	139	155	146	133	161	120	192	106	213	97	328	228	326	218	326	203	323	181	322	162	314	143	299	122	279	110	263	93	232	162
137	214	414	214	117	218	182	239	182	199	185	253	194	182	195	217	204	227	209	209	210	239	202	193	202	216	238	245	250	190	249	196	261	236	262	191	303	149	305	167	312	167	298	245	301	291	304	268	299	265	316	121	314	197	323	312	323	230	324	250	340	277	341	301	335	251	323	272	326	297	325	138	336	159	340	186	341	147	322	161	323	181	324	108	277	111	258	113	234	115	202	122	181	132	162	146	147	168	126	195	121	332	272	329	249	328	231	324	203	317	180	304	159	288	146	275	133	245	121	217	194
138	206	393	219	80	215	138	239	142	193	140	258	148	175	147	214	155	224	158	201	157	244	154	188	155	213	184	240	200	184	197	188	217	233	216	186	260	140	264	160	272	160	256	239	257	283	261	264	254	262	270	114	279	194	282	309	281	227	280	245	297	271	302	296	297	249	285	269	287	291	287	128	296	154	305	175	301	134	286	155	288	175	288	97	238	101	214	105	196	111	173	117	144	130	123	145	104	162	91	192	79	332	242	334	212	327	192	319	169	315	149	304	125	290	107	269	91	247	79	214	148
139	207	425	226	50	221	126	243	128	194	121	261	142	173	130	217	148	231	151	202	151	246	146	185	146	213	176	246	198	182	188	186	208	241	211	183	260	133	263	153	274	155	256	236	264	285	272	265	264	262	280	111	280	194	293	307	288	218	294	237	321	266	325	292	320	243	292	269	300	284	298	115	309	144	320	169	313	132	285	151	292	174	293	92	237	97	203	102	183	107	169	120	136	136	110	153	85	170	68	200	51	339	241	334	217	332	192	323	155	319	136	310	116	291	94	273	78	249	56	220	139
140	214	434	217	86	217	147	236	153	187	152	261	166	170	161	214	178	230	182	205	181	248	176	188	178	213	215	251	230	182	231	193	247	240	245	180	292	135	288	156	299	154	283	242	290	290	286	268	285	268	301	114	312	197	314	310	306	234	313	260	335	277	336	297	332	255	319	275	316	297	318	130	328	158	336	181	342	130	317	148	318	176	313	88	257	93	235	96	210	101	178	105	155	112	135	146	109	163	94	187	82	320	263	318	243	313	209	311	194	307	175	307	143	286	117	257	96	241	91	215	166
141	184	427	201	89	196	168	220	171	175	171	242	179	153	175	198	188	209	190	184	190	226	187	167	185	192	222	226	237	162	233	162	252	225	255	161	298	116	298	135	306	136	292	217	297	270	302	245	294	247	310	90	310	159	322	293	320	214	330	230	341	256	341	280	335	233	331	256	330	274	324	104	328	125	336	149	330	113	319	128	324	146	319	79	269	81	239	84	217	90	187	96	170	110	147	130	124	151	100	172	91	321	272	325	249	325	230	321	202	313	179	300	154	285	137	265	113	231	94	195	181
142	178	383	212	36	204	113	225	116	179	111	244	128	162	115	200	125	210	132	186	128	230	131	174	124	197	167	225	181	164	171	173	193	219	193	165	238	118	233	138	248	137	231	219	244	264	248	243	242	240	256	94	239	175	265	287	272	207	270	224	291	252	296	273	292	227	271	249	274	272	280	109	268	132	274	157	278	111	251	133	260	159	262	75	206	77	177	84	142	91	119	102	94	116	76	141	57	152	51	182	34	314	224	312	198	312	169	308	137	307	120	301	99	284	74	267	65	247	49	202	124
143	197	399	210	110	208	175	230	176	182	177	248	189	163	187	206	193	218	196	197	195	233	194	179	192	205	219	234	232	178	229	183	246	227	248	176	282	132	282	152	292	152	278	228	283	265	287	248	281	248	295	108	298	185	311	286	312	223	310	240	329	266	333	281	325	243	316	259	320	273	318	120	317	140	323	167	323	123	305	137	314	166	310	83	257	87	237	90	211	96	188	102	169	116	155	134	132	159	122	187	111	302	267	303	246	306	230	293	209	290	196	283	170	277	149	259	130	237	112	206	186
144	205	418	190	89	197	150	218	154	171	152	230	171	154	168	196	174	208	179	184	179	222	178	169	176	193	209	222	220	164	222	173	241	215	237	171	287	129	290	144	296	146	284	223	283	265	284	247	280	248	293	99	303	174	314	293	295	219	311	237	324	263	326	283	317	239	313	257	310	275	306	112	327	139	334	165	330	117	314	140	317	158	316	84	270	87	246	88	224	97	197	103	167	111	149	123	122	144	108	167	93	304	261	300	241	292	214	287	192	279	165	268	146	256	130	239	108	216	93	196	164
145	192	398	186	61	189	129	208	134	164	132	224	147	148	146	192	156	204	162	180	160	213	156	165	157	193	186	222	199	160	201	166	215	217	213	162	258	117	258	136	266	135	254	217	258	260	256	240	253	239	265	89	267	180	281	284	272	204	282	222	302	255	305	272	297	229	284	250	283	264	279	101	289	134	304	155	300	112	272	135	283	157	281	75	225	76	211	79	181	82	156	86	131	98	112	118	94	136	72	161	62	302	233	297	208	288	182	285	160	281	137	269	113	254	91	229	73	207	62	191	145
146	201	437	202	92	194	154	222	163	167	161	242	170	144	170	195	177	211	178	184	180	223	175	168	179	197	208	233	228	165	227	174	241	224	241	166	291	118	290	140	302	138	286	225	289	274	291	252	285	251	300	91	299	181	312	290	306	212	314	238	338	270	339	287	321	235	313	263	318	282	309	110	326	141	336	164	330	114	309	140	315	160	316	64	261	64	237	73	216	75	192	84	162	94	138	116	112	143	102	166	90	318	260	315	239	311	214	306	187	297	162	285	139	267	120	254	112	227	95	196	167
147	202	354	218	49	216	105	243	105	179	100	269	118	169	121	208	121	225	123	198	124	242	119	181	124	216	152	252	166	175	157	177	181	242	184	183	223	140	229	160	236	157	220	237	224	284	233	260	223	259	235	120	248	196	240	304	247	221	241	236	265	262	274	285	265	239	254	264	259	281	251	130	263	155	269	176	265	135	254	157	254	178	246	99	201	104	181	103	165	109	142	115	118	131	90	152	77	169	68	197	50	316	204	320	180	318	161	321	140	308	118	300	101	282	79	267	73	253	60	212	114
148	197	398	190	81	190	134	217	139	159	143	232	155	142	162	191	163	203	165	179	166	219	161	159	166	192	184	225	199	160	202	165	221	219	215	164	272	119	280	137	286	136	271	222	269	266	274	246	267	247	281	90	294	175	289	291	289	209	285	230	304	257	313	281	303	234	290	255	293	274	295	105	307	131	310	157	304	110	295	132	297	153	294	73	258	75	245	82	220	86	198	92	169	99	148	117	122	137	96	163	83	305	252	299	224	295	201	289	178	281	154	270	132	249	112	231	97	213	81	190	153
149	196	386	197	78	194	127	220	131	173	130	233	142	152	142	193	151	204	155	182	153	217	150	169	149	194	186	226	195	164	200	172	215	219	211	167	265	121	270	141	280	140	262	221	263	265	270	247	262	246	277	104	286	177	282	286	290	215	284	232	295	251	299	273	298	233	283	251	286	272	288	115	297	141	296	167	290	122	287	140	289	161	286	76	242	81	215	87	186	91	168	98	147	108	126	123	99	146	80	168	76	306	240	302	214	300	192	295	167	289	143	278	122	262	98	240	81	222	69	193	142
150	200	352	201	30	202	90	229	96	178	96	244	107	158	110	203	118	217	121	189	121	235	117	174	116	203	150	232	166	172	165	176	184	222	183	173	232	127	235	146	246	146	229	229	233	273	231	252	228	252	243	97	253	181	260	294	254	222	264	241	280	270	286	291	273	243	262	266	262	279	261	106	280	135	284	158	285	118	263	136	264	157	265	83	200	85	179	90	161	101	126	107	106	118	85	131	60	153	43	175	32	308	205	304	180	307	165	298	134	288	118	280	93	266	66	251	50	233	33	204	109
151	229	399	232	93	228	154	253	161	202	154	263	172	190	166	229	173	238	178	218	178	254	174	204	170	226	204	259	214	198	216	204	229	256	225	197	281	151	282	172	291	173	276	257	279	304	282	284	275	284	290	136	304	204	300	328	297	248	299	260	313	293	321	311	317	266	300	295	308	315	307	140	313	165	318	187	309	151	311	164	306	186	301	119	256	125	229	126	208	125	197	129	170	142	152	159	131	187	125	208	113	344	259	339	236	337	218	334	182	321	171	310	146	300	136	280	110	257	103	230	168
152	273	400	281	99	277	155	301	158	257	162	314	167	237	167	274	178	288	182	267	182	308	174	249	179	274	210	307	227	244	221	250	238	298	239	241	284	196	286	215	295	213	280	299	283	346	288	325	281	324	296	168	296	248	302	366	304	289	304	308	318	339	324	360	315	307	304	335	309	349	306	181	313	208	322	234	316	187	308	209	307	229	306	148	250	150	225	148	210	155	189	157	164	176	143	203	125	221	110	253	98	384	260	378	234	377	211	367	188	367	168	362	147	350	128	321	104	306	100	277	173
153	233	435	249	65	254	128	275	136	225	131	299	151	200	146	248	157	260	163	238	161	279	158	219	158	246	193	283	212	213	204	222	225	276	229	206	273	153	276	175	290	176	268	276	276	328	285	306	274	302	296	126	286	220	300	352	306	265	300	282	323	315	332	340	327	288	310	315	313	336	309	131	301	165	320	197	318	142	294	170	302	194	300	100	245	108	208	112	172	121	157	134	130	149	110	175	80	189	63	225	63	376	273	373	244	362	207	366	179	355	151	345	126	323	105	315	89	294	75	252	151
154	221	454	203	119	208	185	232	191	182	193	247	205	166	211	208	213	220	214	197	217	236	212	181	215	211	249	239	254	181	256	189	272	230	274	185	323	133	330	158	339	157	319	241	318	293	321	268	313	268	334	109	351	192	350	314	347	235	345	256	361	281	365	300	360	257	349	276	351	296	348	124	373	150	374	175	366	128	355	151	358	171	354	93	303	96	283	97	257	99	229	106	202	115	182	133	159	157	139	178	126	331	293	323	265	317	240	313	215	305	192	292	168	273	153	252	137	230	121	209	201
155	227	412	231	83	220	144	246	143	196	145	263	164	177	164	222	173	235	172	211	172	251	168	192	172	221	204	258	215	195	217	201	228	249	234	193	279	142	289	164	296	162	280	249	280	305	280	278	276	280	294	114	303	199	306	336	296	248	309	267	321	281	328	307	320	259	301	284	301	308	305	130	321	157	328	173	322	132	304	156	308	178	303	99	253	101	232	105	215	123	197	117	168	125	142	153	131	176	116	192	88	348	264	344	235	341	204	336	180	324	152	307	120	300	119	269	105	246	87	221	160
156	225	390	245	55	240	126	269	129	213	125	286	138	194	136	237	154	250	159	226	155	271	153	209	151	238	189	269	201	202	193	208	212	252	218	203	256	153	254	174	265	175	249	263	259	310	263	291	258	290	274	128	271	207	282	336	286	251	286	271	302	297	308	314	306	274	296	295	297	318	294	139	293	163	300	190	298	142	279	165	289	188	284	119	219	125	191	123	171	128	155	135	137	149	102	170	84	193	73	219	64	358	234	358	209	356	192	352	162	339	133	331	112	317	91	298	75	271	63	238	141
157	199	374	216	30	212	101	240	109	183	102	262	119	162	114	207	123	223	131	195	133	243	128	176	127	209	152	240	169	176	169	182	188	236	186	178	231	127	234	149	244	148	229	240	232	288	235	268	230	267	247	99	257	181	258	315	260	228	262	245	282	272	289	297	282	252	266	275	273	296	272	115	281	140	283	165	281	118	270	137	268	162	263	91	210	96	183	99	162	106	131	108	106	118	79	140	57	158	44	184	36	326	207	324	181	321	156	316	128	315	112	302	83	290	65	275	45	247	30	210	116
158	192	381	193	84	191	136	216	144	166	138	230	150	153	147	188	156	199	160	179	160	216	153	165	158	187	194	225	210	166	210	167	222	216	224	164	265	121	267	138	276	138	263	214	265	261	269	240	265	241	275	102	285	171	289	290	283	202	285	224	297	245	300	271	297	223	284	242	289	268	288	116	294	136	298	157	298	120	280	132	286	154	284	76	228	76	206	78	182	86	164	91	140	101	114	116	97	138	87	162	75	309	236	309	214	310	191	302	162	292	138	281	116	260	101	243	93	215	86	189	148
159	232	435	245	56	242	128	266	134	212	128	285	148	194	141	239	153	255	159	222	158	269	155	211	152	239	189	273	207	205	208	209	221	266	226	202	283	152	289	174	298	173	280	267	289	314	298	294	287	293	307	118	302	220	304	344	312	245	307	274	334	303	336	322	332	270	313	301	318	326	309	139	327	166	327	199	324	140	309	168	315	195	312	101	249	108	219	110	204	121	169	128	149	140	122	159	102	180	82	212	64	357	267	355	242	350	220	346	192	339	153	333	133	314	110	299	84	280	75	242	147
160	225	427	222	91	226	162	250	166	197	162	264	178	179	176	224	187	233	194	213	192	252	188	194	188	227	225	253	238	193	233	204	255	245	256	196	294	149	299	171	309	170	291	249	294	291	300	271	292	273	311	125	317	200	322	321	315	245	323	260	338	286	341	306	332	264	324	282	325	303	320	133	330	157	337	186	336	141	325	159	325	180	325	97	279	101	247	106	213	108	192	115	163	128	139	150	127	171	111	195	94	332	274	332	252	328	227	325	201	322	179	308	151	292	133	273	116	252	96	225	179
161	186	397	191	59	187	132	212	133	164	132	229	143	146	144	187	157	202	160	174	158	215	155	161	155	190	190	221	205	155	204	162	223	213	220	159	263	110	268	134	276	133	259	215	264	261	262	241	258	240	274	85	285	166	287	285	283	207	290	223	303	250	306	277	299	227	287	245	291	273	283	102	307	122	308	149	307	106	291	123	293	145	291	65	237	67	214	71	194	78	165	84	139	96	119	112	89	135	78	162	63	315	245	312	210	306	188	296	164	292	141	279	119	261	90	242	77	216	61	188	144
162	223	385	208	51	214	125	233	129	188	131	255	134	166	141	213	147	226	150	202	151	243	143	185	147	215	170	247	186	182	188	190	207	239	204	191	255	142	263	163	269	161	253	243	252	293	254	271	248	272	263	119	280	196	275	316	272	243	276	256	285	269	290	306	286	262	276	275	278	298	279	134	298	157	296	181	290	139	286	157	285	177	278	87	243	92	211	96	187	97	162	101	132	114	111	134	92	156	67	180	59	335	229	327	201	328	181	324	155	317	130	303	107	283	84	265	71	242	64	214	139
163	200	438	208	84	207	159	236	163	181	160	253	163	164	168	207	175	220	178	192	179	238	173	180	178	203	208	238	224	171	225	177	240	230	238	174	291	122	293	142	301	142	287	234	289	285	290	263	288	263	301	96	309	177	313	310	315	220	313	244	332	271	342	297	332	245	317	270	322	293	324	103	327	135	337	160	334	112	315	130	318	155	316	88	254	90	235	96	213	100	183	106	164	119	145	137	130	154	107	183	89	336	261	337	237	333	214	328	191	321	163	308	139	289	120	267	103	241	90	208	169
164	198	359	192	45	191	112	217	116	167	115	235	126	152	127	193	128	204	133	180	132	221	129	166	129	191	165	226	179	162	178	171	197	217	193	170	237	123	241	146	251	144	235	223	237	268	242	248	235	248	253	94	251	173	255	301	252	208	255	225	270	257	279	285	269	232	259	254	265	281	260	103	271	136	279	162	272	112	259	136	263	156	257	81	225	86	201	86	177	91	154	96	128	108	103	124	78	139	62	162	50	323	222	321	194	314	169	308	146	302	120	288	92	269	72	248	60	222	52	193	125
165	202	431	208	105	202	167	223	170	176	173	244	179	155	178	204	183	217	188	189	184	230	184	174	185	198	215	233	226	170	227	177	244	224	245	174	284	128	287	149	294	147	281	226	286	269	290	251	284	249	299	102	300	185	305	295	301	218	308	243	324	269	325	286	317	239	309	262	309	281	304	115	317	143	322	171	318	124	306	146	308	169	307	80	261	80	241	83	215	88	187	95	165	99	148	127	124	147	109	176	104	316	267	315	245	309	220	304	192	300	169	289	148	274	132	259	116	239	106	205	176
166	221	442	205	74	207	152	238	160	175	156	265	170	152	171	208	190	219	193	193	195	246	184	171	190	208	217	248	231	171	237	181	256	236	253	177	303	124	311	147	320	145	302	251	300	311	302	283	296	282	316	95	337	189	327	336	325	243	328	265	344	288	348	317	343	268	332	291	337	318	336	115	355	147	355	176	346	116	343	142	343	172	334	72	276	72	255	76	227	79	197	92	169	105	140	124	125	150	106	175	83	357	271	352	235	350	213	342	178	330	150	317	124	295	103	271	87	242	75	208	177
167	211	375	229	71	226	131	251	137	199	137	270	149	179	150	227	166	240	169	215	167	256	160	194	162	229	189	258	203	193	200	201	219	251	217	195	258	148	258	167	266	167	252	250	258	297	257	277	254	275	265	122	273	197	287	317	271	245	285	261	299	277	301	300	295	262	280	278	284	299	280	132	293	161	304	188	302	140	283	162	289	181	286	96	232	101	214	106	189	114	156	121	140	132	118	145	92	172	81	200	74	334	232	337	212	336	186	329	164	327	147	318	124	299	101	281	84	256	73	226	149
168	207	381	207	83	209	147	231	146	185	144	250	152	166	151	207	159	219	162	196	163	235	158	181	160	205	193	234	205	175	205	182	222	226	218	180	261	135	264	154	273	153	257	233	260	276	261	255	256	255	271	111	282	188	282	300	277	218	280	238	298	265	301	287	297	242	285	262	286	282	283	124	301	144	306	174	301	127	287	146	290	170	287	93	236	93	216	95	193	105	166	113	143	120	123	135	107	158	99	184	86	320	233	321	216	317	193	311	166	306	146	291	130	276	112	264	96	234	89	209	153
169	183	377	196	70	195	128	214	132	171	133	229	145	154	144	191	151	203	155	183	155	218	151	168	152	190	182	220	195	163	193	166	213	213	209	161	250	118	256	135	262	136	248	215	253	260	261	239	253	239	270	100	271	167	272	278	278	205	275	222	287	244	293	264	291	225	276	247	283	262	282	111	284	132	289	151	287	116	273	132	275	152	273	90	229	94	205	99	187	102	166	113	140	119	120	132	97	151	82	171	70	290	242	286	221	287	193	286	174	280	153	271	128	258	107	240	93	223	79	193	144
170	251	426	221	73	229	129	256	133	201	136	274	147	186	159	232	160	245	160	218	162	261	155	204	163	237	190	274	205	203	207	214	226	265	223	209	282	157	289	180	298	178	279	268	277	316	278	292	273	294	292	134	311	218	300	341	297	260	299	283	315	311	316	331	307	283	301	306	304	324	301	151	328	174	328	207	319	154	316	173	314	198	307	103	268	106	246	111	215	115	190	120	170	128	133	150	112	170	91	200	80	349	246	340	218	332	195	325	167	319	143	309	125	293	106	274	87	252	76	231	148
171	187	346	186	73	187	127	211	129	159	130	228	138	141	139	186	151	195	152	177	154	214	148	158	150	181	178	212	187	155	186	163	201	207	200	157	238	112	243	133	250	132	237	212	238	254	240	237	236	236	250	87	252	169	262	275	262	201	261	216	276	237	282	262	277	220	262	240	267	259	264	100	269	125	280	157	278	106	263	130	267	152	264	67	218	70	195	72	169	77	141	84	122	94	107	116	92	136	83	161	75	293	209	295	193	297	174	293	150	284	129	275	110	256	92	240	80	213	74	187	144
172	222	431	223	111	220	181	239	186	196	187	265	191	176	193	220	203	235	206	208	205	251	201	191	203	216	243	253	249	185	249	191	270	242	265	190	307	142	313	164	321	165	306	245	305	296	308	272	302	272	318	125	327	197	331	317	316	242	336	254	344	283	348	305	344	261	334	282	338	299	332	134	342	156	348	181	344	140	333	157	340	177	333	100	278	102	251	104	228	107	203	113	182	122	158	146	140	169	124	192	115	337	281	338	250	337	230	333	206	325	177	315	154	295	131	277	120	251	110	219	195
173	199	438	216	107	212	179	235	181	181	181	258	193	160	190	208	196	220	199	198	197	240	198	180	197	207	224	242	242	177	239	182	256	231	257	177	295	129	297	151	307	151	291	233	299	277	301	255	296	256	313	102	313	188	320	303	327	220	327	241	345	272	354	291	346	246	331	263	335	285	336	117	335	142	341	167	341	120	321	142	326	165	323	79	269	83	246	86	217	92	195	97	173	111	151	134	132	160	113	191	110	316	275	322	253	318	232	311	209	304	186	301	163	286	140	270	126	245	114	210	190
174	207	413	211	80	212	137	236	144	188	142	247	159	170	155	212	164	225	170	200	169	237	166	186	164	208	200	240	215	180	210	186	228	230	229	181	277	138	281	156	289	156	275	235	277	278	282	258	275	258	290	108	289	186	303	300	297	224	301	243	318	272	322	288	313	246	304	267	304	285	302	122	314	149	321	173	317	128	299	149	307	169	303	96	252	96	229	102	210	112	182	117	163	127	141	139	113	162	96	186	86	317	260	314	239	307	214	298	179	295	166	289	138	276	121	255	100	235	88	212	156
175	208	389	212	41	208	99	237	106	182	103	253	123	166	124	209	135	218	138	196	137	238	131	183	130	209	173	246	182	171	180	180	200	235	204	175	253	129	261	153	269	152	251	242	250	287	258	261	251	260	268	115	277	190	276	311	282	223	278	245	301	271	305	295	298	245	284	268	290	293	285	120	293	149	300	174	297	127	280	148	285	168	281	81	228	80	201	86	177	96	154	103	131	115	111	135	86	156	59	180	45	337	230	330	200	329	180	323	154	313	129	301	103	285	79	264	58	239	44	210	122
176	198	347	193	42	195	96	216	101	167	105	234	116	154	122	195	124	206	126	186	128	221	122	169	126	197	151	227	163	167	167	172	182	219	178	168	229	125	235	144	241	142	226	223	227	265	229	247	223	248	236	104	253	177	248	288	248	212	247	231	261	258	268	280	260	234	251	254	250	272	251	116	262	137	266	163	261	118	253	137	254	157	249	86	212	85	191	89	175	94	151	99	125	110	98	129	76	143	57	168	46	304	206	302	185	296	162	289	138	283	122	269	98	253	79	236	58	216	46	195	113
177	300	401	282	85	285	152	314	155	257	153	337	168	239	171	287	179	302	182	275	185	320	178	260	181	288	213	321	222	256	223	268	246	313	240	263	280	215	287	237	297	235	279	322	276	371	278	348	273	350	292	197	310	267	306	394	301	311	305	332	323	357	322	374	315	335	309	359	311	377	305	211	326	232	329	254	319	213	316	231	317	250	308	167	255	172	233	173	210	174	193	180	167	190	143	208	120	231	105	257	88	410	246	405	223	403	199	400	178	388	153	376	132	359	112	340	100	313	87	286	171
178	177	405	186	85	181	149	208	157	153	152	230	169	136	168	181	184	191	188	167	189	210	182	149	180	176	218	210	229	147	230	155	248	202	250	150	287	107	286	128	296	129	282	207	286	253	284	232	281	233	295	83	307	152	314	281	300	196	316	219	336	238	338	270	326	220	317	240	318	267	313	93	333	118	343	141	336	98	316	121	319	135	319	70	253	72	232	75	209	81	183	91	162	99	136	114	119	134	110	156	87	297	256	294	229	290	208	287	186	274	155	264	138	256	118	234	102	213	93	180	170
179	203	396	221	65	213	134	243	141	190	130	259	145	171	144	213	161	224	164	205	163	246	158	185	157	209	194	242	205	177	199	187	222	235	221	183	261	133	258	153	273	155	253	239	262	289	268	268	261	267	278	105	270	186	287	315	284	228	292	246	312	276	317	299	308	250	298	271	302	299	297	125	302	142	307	168	306	124	288	146	291	166	292	87	226	96	196	100	165	101	137	112	119	123	101	142	89	164	75	191	67	346	240	343	212	343	195	338	166	332	139	322	116	301	96	279	82	254	68	211	149
180	260	459	247	124	250	188	272	193	222	191	290	206	204	206	249	217	260	218	237	219	276	213	222	215	251	245	280	257	220	258	228	272	274	271	223	319	172	327	197	334	195	317	279	315	329	318	305	310	304	328	150	347	229	344	347	343	275	340	297	358	314	361	334	357	296	346	314	347	329	345	167	369	193	372	215	361	169	350	190	353	210	347	128	298	131	276	133	253	136	223	143	203	157	182	173	158	196	142	222	130	363	292	360	269	354	247	350	221	343	197	333	178	315	158	294	144	272	130	249	204
181	180	357	184	91	182	133	207	140	159	139	223	151	146	154	181	166	192	170	173	166	208	165	160	163	181	193	209	196	156	197	161	213	201	213	158	251	118	251	135	262	136	247	204	251	242	251	226	249	226	262	96	267	158	276	268	263	198	276	214	291	238	295	258	282	218	277	236	279	256	275	105	283	123	290	148	290	109	277	130	281	146	278	81	227	82	207	86	182	86	162	92	139	101	123	120	110	138	100	162	91	286	224	285	204	285	189	283	163	275	140	268	125	250	110	233	98	210	91	182	153
182	237	408	256	76	252	141	283	146	226	142	302	157	208	153	252	172	263	178	243	175	284	169	223	171	251	205	285	216	220	210	229	235	274	235	221	273	171	273	193	284	194	267	278	275	326	279	307	272	306	290	148	294	229	297	354	297	266	302	286	322	315	327	335	325	290	308	308	310	331	307	160	313	189	319	212	313	161	301	184	306	207	299	135	238	140	214	143	190	147	166	155	151	167	117	187	97	204	89	232	79	375	248	373	225	369	208	366	182	352	156	345	128	330	109	308	94	284	81	252	159
183	193	368	207	42	202	110	231	113	176	109	249	121	157	117	199	136	217	141	186	141	232	136	168	134	198	170	233	178	166	172	175	198	222	198	172	234	122	234	145	244	145	229	229	231	281	233	260	229	260	243	98	262	177	264	304	266	219	261	245	285	271	287	294	279	246	265	268	270	290	273	110	280	132	287	162	285	114	270	136	269	157	267	87	204	92	175	94	157	98	122	103	105	112	77	133	65	150	54	177	45	321	202	318	177	314	160	314	130	308	110	300	85	282	70	259	51	237	42	198	125
184	203	403	214	63	210	131	231	135	184	135	250	150	165	151	207	163	219	166	196	167	237	160	181	163	209	192	243	206	173	203	178	222	235	221	179	268	130	268	153	279	152	264	232	268	279	269	259	267	259	282	103	285	187	291	304	292	227	294	245	309	270	315	293	308	246	298	267	296	285	300	114	311	140	314	164	310	121	296	143	299	166	295	83	242	88	216	95	188	103	168	110	146	118	119	134	99	159	83	187	70	315	243	314	222	312	201	310	171	306	151	296	127	280	103	265	86	241	70	208	150
185	223	405	224	95	218	159	242	165	195	162	260	175	178	175	220	186	231	191	211	191	248	185	193	186	223	221	249	230	194	227	202	246	243	245	196	284	152	290	173	299	172	281	247	286	291	292	271	284	271	301	127	296	206	303	312	309	235	305	255	322	278	324	300	324	256	309	278	313	296	310	140	317	164	321	190	319	146	307	166	310	185	304	106	262	108	240	113	210	114	183	119	159	130	144	150	128	172	113	196	100	332	263	327	240	325	216	324	193	322	168	309	145	293	136	272	115	249	102	220	178
186	212	378	216	53	213	119	237	124	187	123	252	134	169	136	212	145	227	153	198	150	239	142	185	145	213	181	244	193	180	192	184	210	236	210	182	254	135	260	159	266	158	250	239	253	287	252	263	248	264	265	110	277	192	276	311	270	229	278	246	295	281	299	303	289	250	279	274	281	293	274	125	294	150	299	176	295	130	279	150	283	172	278	83	226	86	202	91	180	99	156	107	131	117	108	136	80	157	65	187	56	330	229	332	208	324	177	314	153	312	130	299	100	286	88	270	67	242	53	210	135
187	216	387	228	70	226	140	249	145	200	144	268	150	182	151	225	162	238	167	217	165	251	158	198	161	226	188	254	204	194	204	198	220	247	222	194	266	149	269	168	277	166	262	247	265	295	272	273	264	274	279	121	282	208	283	317	285	240	288	258	297	280	306	312	301	262	290	278	295	299	294	134	300	160	305	189	300	144	291	165	293	186	287	96	245	98	218	100	199	108	171	113	146	124	124	147	100	170	86	199	75	336	247	332	219	333	196	329	168	326	151	312	122	295	109	283	91	257	75	227	153
188	211	429	212	70	211	141	238	141	184	143	263	148	163	151	208	158	223	163	195	163	242	156	182	160	206	192	242	205	174	208	180	225	233	220	176	277	125	279	147	290	146	275	240	274	291	274	268	272	269	288	104	298	184	299	319	288	224	297	245	315	276	321	306	315	248	299	277	303	301	296	110	317	140	321	170	319	114	302	137	301	164	300	90	244	91	221	94	195	104	173	109	152	122	133	138	114	159	90	182	73	343	255	342	223	340	199	332	169	322	142	310	119	288	103	266	87	241	73	210	152
189	193	379	196	74	195	136	217	140	168	136	236	146	150	147	195	153	206	155	182	158	221	150	167	152	192	189	225	200	163	201	171	218	218	217	168	258	121	262	143	271	142	256	221	258	268	264	247	257	247	273	90	268	176	276	299	271	208	280	228	295	258	302	285	296	233	284	256	285	279	279	102	289	132	298	160	293	109	279	134	282	157	278	78	239	82	216	86	196	92	171	100	146	106	120	124	98	140	84	167	70	322	243	319	215	310	187	308	168	301	140	286	114	269	95	251	81	228	74	195	146
190	186	431	197	102	195	160	219	165	166	166	240	177	147	178	192	198	207	201	181	198	227	193	159	193	192	223	228	230	161	233	167	251	219	249	166	288	118	289	137	299	138	284	220	286	265	284	247	281	247	293	93	305	174	311	290	296	212	312	230	327	254	327	277	322	236	313	255	312	274	308	108	325	132	334	161	331	113	312	134	318	156	314	67	262	72	237	76	216	83	191	90	168	98	148	119	124	139	111	167	106	318	256	317	231	315	214	309	191	301	168	291	146	269	123	249	107	225	101	193	180
191	208	390	214	92	215	154	236	158	191	156	256	165	174	164	213	171	225	174	201	175	241	171	187	172	211	204	240	215	181	217	190	232	232	229	185	274	139	278	159	286	158	271	237	273	283	275	261	270	260	284	114	296	193	297	305	295	224	295	244	312	270	315	295	310	247	299	266	301	290	297	127	313	151	319	177	314	133	299	152	301	176	299	98	254	99	231	105	208	108	180	116	159	128	136	141	120	165	109	190	97	328	254	327	229	324	207	318	184	311	161	301	142	285	121	270	109	242	96	214	164
192	189	375	203	73	199	126	219	132	176	129	235	143	161	142	197	150	207	151	188	153	223	151	175	150	196	179	226	192	169	190	173	206	222	202	168	248	122	254	141	261	142	246	222	250	266	258	247	250	246	266	101	264	175	267	284	277	212	271	228	284	250	294	272	292	234	274	252	280	269	281	115	283	137	286	161	285	118	273	139	275	160	270	93	230	97	208	104	188	108	160	116	139	125	119	136	102	154	86	179	76	298	248	294	221	291	196	289	173	285	151	275	128	264	112	246	89	228	80	199	143
193	245	416	212	60	219	127	244	128	194	134	265	138	176	152	223	153	239	154	212	157	252	147	195	155	227	187	266	193	195	204	204	219	261	215	206	274	152	285	177	293	175	276	262	267	311	269	287	264	289	281	129	308	217	295	334	284	253	291	274	306	305	308	323	300	277	294	301	295	315	292	143	320	170	321	201	315	148	308	168	306	193	301	100	260	104	236	106	206	107	184	111	152	118	128	138	99	159	82	185	68	343	238	335	207	331	183	320	160	314	143	301	109	287	98	267	77	243	63	222	142
194	183	370	179	86	179	141	201	142	155	145	224	149	136	155	180	165	189	167	171	167	206	159	153	167	175	192	206	199	150	200	157	215	198	217	151	254	109	260	129	267	127	252	207	252	251	254	232	248	232	265	87	273	167	276	269	277	199	276	214	290	234	292	257	288	217	278	236	279	256	273	97	284	120	296	153	292	105	279	125	282	150	275	59	238	61	212	65	190	69	163	78	140	88	123	106	104	126	96	153	89	290	225	289	204	291	186	287	162	279	141	267	122	248	104	231	95	207	88	179	157
195	205	410	221	85	214	154	238	162	190	154	259	165	169	165	214	177	229	181	203	179	245	175	185	175	211	214	246	224	179	224	184	241	234	243	179	283	134	286	154	296	155	279	237	283	288	291	265	280	265	297	111	299	186	304	308	303	230	313	244	321	270	324	292	319	250	312	271	314	290	311	121	314	146	319	169	316	127	302	148	309	167	304	90	253	91	226	93	198	98	175	108	154	124	130	148	110	165	97	191	86	332	258	334	235	333	207	329	183	323	161	311	132	294	111	273	99	252	87	215	169
196	225	431	223	88	221	153	249	160	193	158	274	170	168	174	220	183	236	185	208	185	257	179	190	182	225	206	262	222	189	224	194	240	254	240	195	288	142	293	166	301	165	283	253	288	299	290	278	288	277	301	116	305	209	313	325	315	245	322	267	342	292	344	312	332	267	321	288	326	306	321	130	334	166	341	190	338	135	320	159	323	187	317	86	265	86	238	91	206	97	178	104	151	120	123	135	105	165	92	194	88	343	263	341	240	340	213	337	186	332	164	320	133	301	115	282	99	256	86	222	170
197	194	430	214	98	209	171	233	174	179	168	256	184	157	181	206	186	219	190	194	189	237	189	177	187	205	215	239	233	173	230	182	248	229	250	173	288	126	289	147	299	148	282	231	290	276	293	253	287	254	305	97	301	185	311	300	318	220	319	239	339	267	347	291	339	242	323	262	325	281	324	108	324	139	332	165	331	117	314	140	318	161	314	76	256	77	238	86	203	97	180	104	162	113	138	132	122	158	110	186	98	320	270	321	249	317	223	309	203	302	181	294	160	284	133	269	121	247	101	208	181
198	201	385	206	60	207	116	227	124	180	121	242	142	170	140	205	144	218	148	195	149	230	146	179	146	202	180	231	192	175	189	181	203	226	206	178	254	136	256	155	266	154	252	231	254	274	256	254	251	254	266	107	264	186	276	302	273	222	280	239	295	264	298	286	291	242	282	261	280	283	276	118	289	147	298	171	296	126	277	147	283	164	280	93	228	98	206	102	185	111	155	117	139	127	113	137	91	159	79	182	67	315	230	310	206	306	183	296	156	290	135	283	114	268	90	252	76	234	63	205	136
199	196	364	199	55	197	106	224	111	167	115	237	130	151	134	197	135	209	140	187	142	224	135	167	138	197	161	227	175	169	176	172	192	221	192	170	242	126	247	144	254	144	239	224	239	268	245	248	238	249	250	102	264	176	260	289	263	214	261	230	275	257	286	280	280	236	263	256	267	274	269	113	275	135	280	164	275	118	265	137	267	159	261	88	227	89	203	93	188	98	165	100	139	112	113	131	93	147	70	175	56	311	223	306	197	301	172	297	153	288	125	279	103	263	86	245	73	224	58	197	125
200	311	400	303	91	299	152	329	157	271	155	349	168	253	172	302	181	315	181	288	182	333	178	274	181	302	211	335	222	269	223	283	243	327	242	276	281	229	289	250	297	250	279	334	278	382	281	361	274	362	293	211	311	282	304	404	296	321	304	343	321	371	321	388	314	348	309	369	312	387	307	224	327	246	331	270	320	224	316	245	317	264	310	183	262	186	237	190	211	189	190	195	166	209	141	224	120	248	102	271	90	421	245	420	223	418	205	412	177	401	154	387	130	374	114	356	102	330	89	300	171
201	209	407	225	70	224	136	247	137	200	133	270	146	180	144	222	155	232	158	213	156	252	153	195	154	220	188	252	200	191	193	196	213	245	214	193	261	143	260	163	271	164	253	249	260	300	265	278	256	276	276	116	279	197	288	324	281	241	288	259	310	286	313	310	302	264	295	282	296	302	293	128	301	151	307	180	306	132	291	155	293	177	291	97	223	97	204	100	169	107	143	117	125	133	106	152	87	169	75	198	69	351	237	349	207	347	183	343	155	336	136	325	113	303	92	283	82	259	75	223	147
202	236	466	214	137	218	197	240	202	191	204	257	212	176	221	218	227	231	229	208	231	246	223	192	228	222	257	250	266	193	271	202	285	243	285	197	330	148	338	171	345	169	328	252	325	302	324	277	318	279	336	126	360	204	355	323	347	246	351	268	367	289	368	312	361	269	354	289	356	308	352	141	380	175	380	187	372	145	366	165	367	186	361	104	311	108	288	107	265	109	235	115	211	128	191	143	171	166	153	188	139	335	295	332	272	324	249	322	222	314	200	300	179	284	165	266	150	241	138	217	215
203	182	380	190	116	189	160	212	166	166	167	227	177	153	180	188	194	198	197	178	195	215	192	165	190	186	217	213	225	161	222	166	238	205	241	162	278	122	277	140	287	140	273	210	278	250	278	232	274	232	288	98	291	165	302	273	293	202	300	218	316	241	319	264	308	222	303	240	304	259	301	111	312	134	318	153	316	114	303	137	307	152	304	83	253	86	233	89	209	90	190	100	171	107	153	123	137	147	125	166	118	292	252	288	230	286	215	284	187	278	169	267	151	251	135	236	124	215	117	189	180
204	239	399	254	63	248	128	278	131	221	129	295	143	203	140	246	159	258	163	237	162	280	154	218	156	246	191	282	204	216	198	224	220	269	224	218	259	168	259	188	270	188	253	274	261	323	266	303	259	302	277	143	282	223	284	350	282	265	291	283	308	314	312	339	307	286	295	307	296	330	292	154	301	184	307	210	303	156	288	182	293	202	286	130	227	135	201	136	179	141	158	151	138	158	109	179	88	201	77	227	63	370	237	371	212	365	190	359	167	351	141	339	112	325	96	305	83	281	70	247	146
205	208	378	223	30	220	100	249	107	194	102	271	120	174	115	219	127	232	131	206	133	251	127	188	128	218	158	251	170	185	170	192	189	242	191	191	234	140	240	162	248	161	233	252	232	303	236	281	231	282	246	118	266	195	265	327	259	240	263	259	283	289	288	315	278	264	268	289	272	309	268	128	283	151	287	176	284	134	271	153	270	177	266	105	216	108	192	115	163	114	136	121	101	136	81	151	60	165	46	192	34	343	207	339	180	333	154	329	127	326	107	316	87	299	64	280	44	251	31	218	117
206	194	396	210	55	203	117	226	128	179	125	243	146	162	142	200	155	214	157	187	156	226	152	175	154	201	183	234	196	165	192	170	212	227	214	171	262	123	264	143	273	143	256	223	265	275	267	252	262	252	280	95	283	177	282	295	285	216	288	235	301	261	306	282	304	239	292	258	291	278	290	109	306	135	304	159	300	113	289	134	288	158	285	76	236	79	212	86	194	95	171	106	141	116	118	131	96	155	74	184	59	311	244	307	220	308	198	300	175	296	149	287	127	275	99	259	82	238	66	202	141
207	224	399	227	93	222	153	248	158	198	158	264	171	180	171	221	183	232	186	211	185	249	182	194	183	224	217	252	228	198	227	204	244	243	245	198	282	154	286	174	295	174	279	249	283	293	288	272	282	272	297	131	297	206	301	317	306	239	305	260	318	281	323	303	321	260	306	279	310	298	309	144	317	169	320	192	317	148	306	168	307	187	303	107	258	109	235	116	207	118	178	125	157	139	139	158	120	173	106	201	96	334	264	333	238	331	217	329	193	325	171	312	147	296	134	276	116	252	100	222	172
208	195	366	197	38	196	101	221	105	169	105	235	122	153	123	194	132	209	135	181	136	223	130	169	132	198	167	230	179	165	180	168	196	224	194	168	240	120	246	143	253	142	236	225	240	270	238	250	235	250	252	96	262	178	260	295	255	214	264	234	279	262	283	283	278	236	264	257	267	276	263	107	280	134	284	159	281	114	265	135	268	157	263	70	219	73	194	80	164	85	138	95	117	102	89	120	61	140	51	168	42	320	217	315	186	311	164	303	138	296	114	284	89	269	68	254	57	221	38	194	119
209	204	400	209	66	213	140	233	142	187	140	256	148	163	148	211	157	224	161	199	162	240	155	181	157	209	184	240	201	177	199	183	219	233	218	179	269	129	273	152	281	152	264	233	267	282	272	261	265	260	281	105	284	188	286	305	292	232	292	244	301	264	309	293	305	247	293	267	299	289	299	117	302	149	303	171	301	123	293	146	292	169	288	77	244	83	221	89	192	94	168	101	147	113	119	134	99	155	83	182	69	325	252	318	221	319	199	317	176	311	149	299	125	283	104	267	92	242	73	213	151
210	203	434	205	71	204	142	230	144	180	147	251	150	158	156	203	163	217	167	190	166	235	160	177	165	201	198	238	213	169	217	176	229	231	227	171	283	119	285	141	296	140	280	233	278	286	280	262	275	263	292	99	307	179	303	312	296	221	303	241	322	273	328	300	318	244	303	270	307	294	309	105	322	136	329	163	324	114	307	131	311	157	305	82	263	82	230	87	203	92	179	99	163	110	137	125	117	149	91	175	79	335	257	331	220	331	198	325	168	314	145	300	122	282	104	257	85	233	75	204	156
211	207	380	214	70	212	137	238	139	186	136	254	147	167	146	211	154	222	157	199	155	240	153	184	152	207	191	242	201	179	200	188	219	231	219	183	259	138	259	158	270	159	255	238	260	286	266	263	259	262	275	109	272	191	277	316	277	224	280	242	296	275	307	304	297	246	281	273	287	298	285	119	288	147	296	174	293	126	277	150	282	172	278	97	236	102	215	104	192	109	166	117	141	126	117	140	97	159	78	186	70	340	243	339	219	332	191	327	162	323	141	310	117	292	98	272	86	247	77	212	147
212	239	416	227	48	224	125	259	134	193	131	287	151	170	151	226	170	238	173	214	172	268	165	189	166	226	202	267	212	186	210	197	233	255	234	195	279	139	284	165	293	163	278	266	276	321	281	298	273	298	288	113	307	205	302	350	305	257	302	279	320	302	323	327	317	284	308	304	310	328	315	132	328	163	331	193	324	131	317	160	315	186	308	87	259	91	227	97	195	101	159	111	137	124	113	145	91	169	74	196	50	370	240	367	208	362	181	358	152	351	128	335	100	320	87	290	62	263	50	224	153
213	204	408	212	98	208	157	233	162	182	166	254	171	163	176	209	192	223	195	197	193	241	188	176	188	208	218	245	229	175	231	183	248	235	248	181	284	134	287	155	297	155	281	238	284	282	282	264	278	264	292	109	299	187	308	307	296	228	306	246	321	266	323	292	321	250	308	272	308	291	302	122	323	151	331	180	329	128	310	151	314	174	312	84	259	90	238	94	216	96	191	104	166	114	144	137	118	154	108	182	102	335	251	333	232	329	211	324	186	322	165	307	142	287	122	263	105	244	99	208	177
214	222	374	219	72	217	129	239	134	193	137	255	149	179	152	217	154	226	157	209	158	243	154	194	156	221	181	248	196	191	196	197	210	243	208	192	253	149	259	167	265	166	251	247	253	288	259	269	251	270	266	128	273	204	271	310	275	239	273	255	287	276	288	296	290	259	274	276	277	292	280	139	286	164	291	189	288	143	275	162	280	185	274	107	238	110	217	117	195	119	170	126	150	133	129	150	106	169	91	192	78	319	233	315	215	306	188	304	169	300	153	288	130	278	113	262	96	244	81	218	146
215	221	419	217	65	218	137	242	143	188	141	267	149	167	151	217	169	231	169	204	170	249	163	186	164	219	193	260	207	183	211	194	228	252	222	193	273	144	278	166	288	164	270	250	272	298	272	276	267	276	285	117	293	206	300	324	293	243	306	262	325	285	331	309	320	265	306	284	310	303	303	132	316	159	329	187	325	135	308	159	312	181	309	87	248	91	223	92	197	99	164	106	134	119	102	137	87	159	76	189	70	346	244	347	215	343	185	337	161	331	138	320	115	299	92	278	74	250	66	216	155
216	191	407	212	90	207	160	229	160	181	160	251	169	158	166	202	174	216	180	189	177	235	175	175	173	200	206	231	222	171	219	175	239	224	239	171	276	123	276	147	288	147	272	225	279	272	282	251	277	250	294	98	292	173	302	296	310	211	307	229	326	261	336	286	327	236	312	259	318	280	313	108	312	131	319	160	317	115	303	135	307	157	302	80	247	79	223	90	192	101	171	108	152	119	129	137	112	158	96	183	92	321	260	323	242	321	212	310	186	306	167	296	144	283	122	265	104	241	95	205	167
217	203	374	203	49	201	125	228	128	171	130	248	141	150	142	201	144	214	147	187	147	235	145	169	148	202	171	239	191	167	193	173	208	231	208	174	250	125	256	145	264	144	248	231	251	277	258	255	249	255	264	97	268	184	269	301	267	223	273	244	288	266	290	290	286	245	274	264	280	287	275	112	286	141	290	165	285	116	272	138	274	165	271	68	233	68	214	74	178	82	150	88	127	102	101	121	81	143	61	172	54	316	229	319	207	314	181	311	157	303	133	290	107	272	86	256	77	233	59	202	138
218	194	363	192	41	193	107	221	113	167	109	241	126	148	127	193	138	207	141	178	142	223	136	164	137	192	172	228	186	162	185	167	205	216	205	165	249	119	253	140	262	140	246	222	248	268	244	246	241	246	256	94	273	175	279	290	272	214	280	239	302	264	304	285	290	237	277	259	281	273	274	104	298	128	302	157	304	108	281	134	285	153	283	79	223	79	201	86	171	92	153	102	117	109	100	119	78	146	59	166	49	306	215	303	195	299	171	294	147	283	119	271	98	258	77	243	62	222	48	192	128
219	244	397	233	78	235	147	261	150	213	147	281	155	194	160	238	175	250	175	226	176	267	170	207	174	238	205	273	217	205	216	214	232	265	234	213	278	162	281	186	292	185	275	269	275	318	276	296	271	297	287	137	301	222	303	345	288	262	303	280	323	312	325	332	314	286	307	307	309	329	303	156	320	183	328	206	317	155	312	179	314	201	309	111	250	114	223	118	202	120	176	123	157	138	125	157	109	180	91	207	81	359	234	357	212	354	192	347	164	340	143	327	120	306	103	289	89	266	85	237	163
220	223	463	212	118	214	180	239	186	187	185	257	200	170	201	213	209	226	213	202	211	242	208	187	209	216	241	246	251	186	254	194	270	236	269	188	317	138	323	162	333	160	314	246	312	298	315	273	309	274	326	115	348	195	344	318	340	238	338	258	355	279	361	304	353	261	343	283	346	298	344	128	366	158	367	182	362	136	352	157	350	177	347	96	290	99	274	101	250	104	223	110	197	122	173	138	149	159	134	185	122	335	284	330	260	324	235	320	211	314	188	300	162	285	148	262	131	238	121	213	196
221	178	368	185	93	183	138	205	143	159	141	222	154	144	154	181	162	190	167	173	165	206	161	158	163	179	191	208	200	153	197	160	211	203	212	156	253	112	255	132	266	133	251	203	255	244	255	225	253	225	265	92	274	157	280	269	267	193	279	214	297	235	297	260	286	215	280	234	282	256	279	103	289	122	297	145	294	107	282	128	284	144	281	74	233	76	210	79	192	82	171	88	148	103	129	120	117	137	107	160	93	288	232	284	209	284	194	282	169	275	148	265	131	250	113	229	102	208	97	183	154
222	193	359	189	92	191	147	215	151	173	153	230	162	153	162	193	170	202	173	183	174	215	165	166	170	192	193	220	204	170	209	174	220	215	221	170	263	131	270	147	279	147	263	217	263	255	262	240	259	239	276	114	278	176	281	275	274	209	286	225	298	251	296	268	288	230	284	246	286	261	278	123	296	144	298	163	297	129	287	145	289	163	286	98	243	97	221	107	207	117	189	115	168	119	153	129	125	144	106	169	95	286	233	286	221	277	196	271	180	265	155	257	136	249	120	236	110	214	96	192	161
223	228	403	243	72	240	135	269	140	212	136	287	151	194	147	238	166	248	171	230	170	269	164	211	165	238	200	273	212	206	206	214	227	260	233	208	268	157	268	181	279	181	262	265	270	316	273	294	267	294	286	134	288	220	290	342	290	254	296	274	315	302	322	323	314	277	303	296	306	324	299	146	307	177	314	202	309	149	297	174	300	200	295	118	233	125	211	127	185	131	161	140	137	156	109	165	95	188	85	216	75	364	242	363	220	354	195	352	172	346	149	331	121	318	104	295	86	270	76	237	154
224	203	405	222	87	217	151	242	158	191	154	257	171	172	164	216	179	226	184	205	183	244	179	187	178	216	214	243	227	185	220	191	240	237	242	184	281	137	283	158	293	158	275	237	284	280	294	257	285	258	304	110	289	192	303	303	312	225	309	242	326	268	331	288	329	244	311	265	315	283	317	123	313	151	319	177	320	132	300	151	306	171	306	92	253	97	230	100	203	102	179	116	147	126	131	146	120	165	100	193	89	321	270	320	250	318	224	317	196	317	176	304	148	285	132	271	117	252	96	218	168
225	200	396	214	66	208	132	232	136	183	134	247	148	165	148	207	164	223	169	195	165	235	158	180	160	206	198	238	211	175	212	179	228	231	228	177	268	129	271	153	279	152	263	233	268	281	268	258	264	259	281	105	288	189	292	305	283	223	293	241	308	273	313	296	307	245	293	267	295	290	289	119	309	144	311	168	311	124	293	144	297	165	292	81	234	84	219	90	192	98	162	106	139	114	110	131	92	156	79	184	72	332	246	330	220	323	194	315	162	309	143	297	113	282	94	266	83	245	71	207	150
226	200	434	206	71	203	141	229	142	179	146	254	149	158	155	203	160	217	164	190	165	236	159	176	162	198	194	237	210	168	210	174	227	229	224	170	280	117	282	140	292	139	276	232	276	285	278	262	273	263	289	96	300	178	301	313	294	219	299	239	319	271	327	300	317	243	301	273	305	296	300	101	318	133	325	161	321	107	305	130	307	157	304	81	247	79	223	84	197	94	174	98	156	112	132	128	106	152	90	175	74	336	258	334	228	329	196	323	167	314	143	300	119	283	103	259	85	236	73	203	155
227	200	413	207	110	199	175	227	179	171	180	251	192	154	193	200	209	214	214	188	211	233	202	166	206	200	237	235	245	166	245	173	264	222	261	172	297	125	299	143	307	143	293	229	295	277	294	254	291	255	304	96	312	177	324	300	311	219	320	235	339	260	340	287	335	237	320	258	324	280	318	110	335	137	345	167	343	114	321	139	328	161	326	74	266	77	245	81	215	89	198	92	170	106	150	126	135	147	120	176	111	328	262	323	233	321	220	321	198	313	174	304	157	284	136	263	116	234	106	198	192
228	200	390	202	84	201	152	222	155	175	148	246	161	157	156	199	168	210	171	187	169	226	164	172	167	196	200	228	211	166	212	175	230	219	227	170	273	125	278	146	285	145	269	228	271	272	274	252	269	250	284	100	292	182	294	296	293	217	294	234	311	261	312	283	309	235	296	258	299	278	296	111	311	139	317	165	311	117	295	138	299	162	296	84	246	85	227	88	205	97	184	108	152	116	137	130	122	150	103	175	89	322	251	317	224	315	203	309	178	299	155	286	134	269	113	251	102	233	93	201	160
229	208	401	209	96	209	154	230	159	185	160	246	173	170	174	210	180	221	183	202	183	235	179	186	180	210	208	242	222	184	224	188	234	233	237	183	278	138	284	157	289	155	276	238	279	279	285	261	276	259	290	117	301	190	298	299	300	229	297	242	316	266	317	284	317	245	303	265	306	280	303	131	308	154	315	177	310	133	298	151	299	173	301	100	253	104	229	111	211	112	195	118	166	128	141	144	127	162	114	187	100	306	260	303	239	297	218	297	197	293	180	282	155	270	138	258	124	237	106	209	173
230	223	409	222	52	226	108	250	117	199	112	268	132	180	132	226	139	238	143	213	144	251	132	196	138	228	176	265	185	193	186	198	203	256	207	194	260	144	264	167	272	166	256	256	258	303	263	282	256	281	272	121	281	205	279	329	278	246	286	257	299	292	304	314	296	264	287	288	287	311	285	135	301	159	305	190	298	144	287	159	289	180	281	102	232	105	209	112	185	116	149	122	130	132	109	150	88	171	70	196	51	341	235	338	205	336	176	329	150	325	126	310	101	295	83	283	70	252	55	226	127
231	172	375	169	97	171	156	195	154	147	162	216	165	128	170	171	178	181	178	164	179	200	172	144	175	169	204	202	211	147	212	154	226	197	224	151	264	108	272	128	278	126	262	203	259	248	262	228	256	229	270	86	285	169	285	266	278	192	285	209	297	231	299	254	295	212	285	230	284	249	281	98	298	124	307	151	300	105	290	124	295	147	287	65	249	67	224	66	201	71	173	76	152	82	127	100	116	119	111	139	101	290	237	288	205	284	187	279	160	271	142	258	123	240	112	219	101	197	100	172	170
232	226	399	218	81	224	152	249	154	198	151	270	159	175	161	224	171	239	175	213	177	253	171	192	169	221	202	253	215	190	214	195	234	247	231	192	279	145	284	166	289	165	275	248	274	297	277	275	272	276	287	121	288	204	298	317	287	241	303	256	314	280	313	301	309	258	301	283	299	296	298	133	309	160	313	185	314	139	298	162	300	182	298	99	251	97	233	102	200	108	177	114	157	122	131	144	106	161	91	194	84	337	249	334	224	334	202	330	175	326	155	318	136	301	111	281	92	252	81	223	162
233	221	410	213	74	214	141	246	145	186	149	272	151	163	158	214	171	229	173	202	173	250	166	181	167	218	197	259	210	183	214	189	231	249	230	189	274	139	280	163	288	162	271	250	272	299	271	276	267	275	284	112	295	203	304	326	296	240	302	258	322	285	329	308	315	263	304	286	306	305	301	123	314	151	327	185	324	130	302	157	310	182	306	83	249	82	223	85	194	88	164	97	134	110	110	128	93	152	85	183	77	340	237	339	216	341	194	330	161	327	139	316	114	292	94	277	83	245	72	215	158
234	203	421	226	87	217	155	241	158	192	157	266	170	167	161	215	172	229	177	198	174	247	174	183	171	214	204	244	219	180	214	186	230	234	235	179	274	134	273	156	285	156	269	237	277	282	282	263	275	263	289	112	290	193	300	305	311	224	306	249	322	275	330	293	325	244	305	269	310	292	314	120	310	145	317	175	316	126	297	146	301	171	301	86	242	91	217	99	192	105	170	109	152	118	133	144	110	172	96	194	90	328	257	330	237	326	207	317	184	311	160	301	140	288	118	274	101	247	90	218	165
235	182	423	188	83	191	144	214	152	165	148	227	168	147	161	189	177	200	177	180	181	214	176	165	173	187	211	214	224	160	223	166	234	208	237	157	284	117	285	134	293	135	280	212	284	256	287	236	281	236	296	95	303	165	307	277	305	202	311	220	330	244	330	267	323	225	314	245	313	263	309	103	320	132	328	155	323	110	307	130	310	148	309	78	262	78	233	87	210	92	182	102	163	111	145	126	112	143	95	164	83	298	260	295	239	292	215	289	192	280	166	267	148	251	123	229	105	214	87	190	166
236	210	400	211	80	209	155	238	158	181	157	252	171	159	169	209	171	220	174	199	176	239	174	175	173	209	202	243	219	171	221	183	237	243	240	179	281	133	286	150	293	149	277	236	283	284	286	263	279	260	297	104	296	190	298	307	299	225	298	252	319	274	323	300	313	246	302	267	308	293	303	119	318	144	322	173	314	130	299	145	303	168	302	77	255	81	230	81	206	79	179	88	153	106	131	127	110	152	95	179	86	318	259	316	232	317	213	314	189	309	164	294	138	278	111	262	101	242	89	210	167
237	265	407	273	73	272	139	301	148	242	144	323	165	224	161	274	173	289	178	260	180	306	175	242	176	270	205	303	220	235	224	245	237	296	238	237	276	191	280	211	292	212	273	299	279	350	280	327	274	326	291	172	301	246	304	372	299	286	304	310	322	341	325	357	317	312	307	333	310	351	306	186	324	207	325	229	320	190	308	206	311	225	306	143	249	144	223	149	198	152	176	157	153	173	134	195	110	217	88	242	77	389	251	389	226	385	203	381	188	377	156	366	132	351	112	332	95	300	79	272	164
238	200	380	195	50	199	116	226	120	170	117	244	131	155	132	198	146	214	151	181	152	227	143	165	143	197	176	227	194	164	196	173	210	220	213	168	257	125	256	145	266	143	250	225	252	272	249	249	246	250	263	103	278	187	285	293	279	219	287	242	304	266	306	292	291	243	284	265	284	280	276	110	303	135	308	161	306	123	290	141	288	163	287	85	226	83	204	89	180	94	157	100	126	110	106	122	84	148	70	172	55	307	221	301	196	299	171	292	150	284	119	276	104	269	92	249	70	220	52	198	133
239	191	345	199	76	200	123	220	132	178	128	238	142	159	137	197	150	207	154	188	154	221	150	174	149	194	178	223	189	172	187	178	197	213	199	170	241	133	242	148	252	147	238	217	241	258	242	240	238	240	253	106	252	173	263	284	257	213	267	228	280	247	281	271	275	233	266	249	266	267	265	119	269	137	276	162	277	122	262	143	265	158	263	92	216	97	197	97	178	102	148	109	129	125	107	140	95	155	92	176	82	301	218	299	200	298	178	297	158	290	140	277	116	264	104	246	87	226	80	198	140
240	197	374	190	99	194	148	215	154	173	152	230	164	154	163	196	169	203	173	188	174	217	168	172	171	192	193	222	206	174	209	175	219	217	222	173	267	131	272	149	282	149	265	218	266	257	267	241	262	241	276	118	280	180	286	276	284	214	287	233	302	252	299	267	292	231	290	249	287	262	283	125	297	147	304	166	302	130	286	147	291	164	291	97	247	99	235	107	211	114	194	115	162	125	139	136	123	148	110	170	98	293	240	285	226	278	205	272	178	269	163	261	149	254	132	228	109	211	96	195	160
241	229	404	227	70	229	137	256	141	204	139	276	150	186	149	229	167	240	172	219	170	261	168	200	165	227	199	262	213	199	210	204	227	252	229	197	272	152	273	169	280	169	266	258	272	306	275	285	269	284	287	124	295	203	301	333	291	245	300	264	320	294	326	321	310	267	301	290	301	316	294	137	311	164	315	189	311	138	299	166	301	185	299	113	240	114	215	113	184	116	163	126	146	134	120	158	95	173	84	199	75	350	244	346	214	339	193	333	163	328	138	319	120	301	103	281	90	252	78	228	154
242	222	377	202	72	207	128	235	130	178	137	251	146	159	154	206	152	221	155	197	156	235	151	177	156	210	174	243	188	179	192	181	207	239	203	188	255	141	266	162	275	159	257	242	255	286	256	265	251	267	267	121	279	197	275	308	266	237	278	253	289	276	292	294	283	253	277	275	279	292	276	133	296	158	301	185	293	135	283	157	283	181	281	95	241	95	218	98	196	103	167	106	147	119	127	134	108	151	91	177	76	319	227	317	206	313	184	304	167	299	142	291	121	265	94	250	84	230	73	207	144
243	213	421	221	85	222	151	245	156	195	152	263	166	178	165	220	176	232	182	211	183	251	173	194	175	220	209	251	226	194	226	203	241	246	242	195	281	148	287	170	293	168	277	248	284	295	291	274	281	272	296	124	294	205	304	319	303	241	306	258	324	285	325	309	318	258	308	281	311	305	305	136	314	163	321	189	320	143	303	164	307	189	305	105	264	104	235	110	206	113	182	121	154	133	140	153	122	173	103	196	94	336	268	334	236	333	212	330	187	325	165	304	132	292	120	279	112	247	88	221	168
244	194	362	192	37	191	104	215	109	164	105	235	121	146	119	191	127	206	130	177	132	218	126	165	130	191	164	223	176	162	180	164	193	218	195	162	239	117	246	139	250	137	235	220	239	267	240	246	235	246	250	92	263	174	259	291	252	207	260	230	279	261	282	281	273	231	263	254	262	277	257	106	282	132	284	155	279	110	262	131	266	153	262	68	217	71	185	76	162	82	139	91	108	103	85	117	67	137	51	166	39	314	219	311	188	306	165	298	138	290	112	280	85	264	64	246	59	222	39	191	119
245	214	442	214	73	214	146	239	149	188	149	262	157	168	159	211	167	225	170	200	172	242	164	183	167	209	201	246	216	180	218	187	233	242	232	178	289	126	293	148	303	148	287	240	284	294	286	270	281	270	299	107	310	187	309	321	301	231	307	252	329	282	335	307	329	256	310	282	314	306	309	113	327	141	331	169	332	118	311	139	316	164	312	84	260	86	233	91	208	99	182	108	159	123	137	141	115	163	92	186	77	339	263	338	227	335	202	332	178	323	153	308	133	289	113	265	94	245	77	214	160
246	196	388	201	72	199	135	223	138	172	136	241	147	155	144	198	152	210	155	183	154	228	151	169	151	194	189	228	200	167	198	174	217	222	216	172	259	127	263	147	272	147	256	224	261	275	269	252	262	251	277	99	271	185	280	303	272	214	282	234	296	261	304	286	297	232	286	258	289	282	284	110	292	136	299	169	293	116	278	138	283	167	279	86	234	92	211	95	187	97	166	101	141	111	123	131	99	153	83	176	74	330	251	325	220	319	190	315	170	308	141	294	115	281	99	256	83	229	73	201	146
247	197	445	207	100	198	166	229	172	173	173	253	187	152	190	203	195	215	200	190	201	235	195	170	199	201	232	237	246	171	244	177	260	227	263	171	308	121	309	145	320	144	303	233	304	289	309	264	301	262	320	98	323	183	332	310	320	219	335	238	348	268	353	297	342	242	332	269	336	291	332	114	344	136	351	164	348	119	334	138	336	162	333	78	277	83	258	86	222	95	192	100	173	113	151	129	134	153	115	177	105	334	275	329	247	328	223	323	198	315	178	304	156	285	140	264	117	242	106	203	188
248	200	415	203	105	201	167	228	168	175	170	250	182	154	182	199	195	212	199	188	200	234	195	167	194	201	225	235	239	170	242	174	254	221	257	170	291	122	291	142	302	142	286	227	290	274	290	255	285	255	297	96	303	176	317	302	298	212	313	231	328	254	330	285	324	238	311	256	315	281	307	108	328	138	339	165	337	117	313	136	316	157	318	72	262	76	237	81	220	86	191	89	174	101	149	120	127	146	117	169	105	327	251	324	232	318	214	315	191	311	169	294	139	276	128	261	119	234	109	201	184
249	205	385	198	63	203	132	223	134	181	132	246	143	158	141	203	149	214	149	192	150	231	146	174	149	198	183	234	193	170	194	178	211	222	212	174	258	130	264	148	270	147	253	229	253	277	258	255	252	256	268	102	283	182	278	299	279	217	277	237	293	265	297	285	290	238	278	263	280	280	273	120	296	139	300	169	295	124	281	143	286	165	282	85	234	87	212	91	188	94	169	106	140	113	118	129	93	149	81	175	66	324	232	321	200	318	183	311	159	303	136	284	112	270	94	254	77	229	64	203	142
250	212	416	214	108	212	163	232	170	188	170	247	183	172	182	210	191	221	193	202	194	236	190	189	191	211	216	242	232	184	233	189	245	235	249	183	290	138	294	158	303	157	287	239	291	280	295	261	287	261	304	117	308	191	304	301	313	227	310	243	324	270	326	292	322	246	310	268	314	286	312	133	321	155	325	178	322	133	312	152	313	175	308	103	270	108	248	109	222	114	203	120	180	129	159	148	139	166	122	186	108	307	274	304	251	299	224	296	204	292	188	280	165	268	143	260	132	240	117	211	181
251	184	378	168	86	172	149	196	151	145	156	214	158	126	167	171	173	183	174	166	176	198	167	145	178	170	200	204	208	145	214	154	225	196	226	152	268	107	273	126	278	125	265	205	262	249	261	228	258	230	270	89	288	167	286	271	269	198	285	217	296	239	298	259	291	216	282	234	281	254	276	99	298	117	309	153	304	103	286	122	292	149	286	59	250	62	227	60	199	61	171	70	152	78	132	89	118	118	112	142	93	282	225	285	204	283	190	279	171	271	148	251	123	238	110	223	97	198	89	175	168
252	218	404	217	91	215	154	242	158	191	156	261	165	170	164	216	180	229	183	203	183	247	176	184	175	215	212	249	221	183	223	187	239	241	242	184	283	137	285	158	294	158	279	246	283	290	284	269	279	269	293	115	296	194	301	308	299	234	308	250	320	279	320	299	318	253	305	278	308	295	304	128	313	152	320	177	320	131	300	153	307	175	303	98	254	94	228	94	206	101	180	109	154	124	138	143	117	161	101	188	91	333	251	334	230	331	210	326	182	321	155	315	139	292	116	272	100	249	88	215	169
253	218	398	203	52	207	128	234	130	180	133	261	136	155	146	209	156	221	158	194	161	241	151	175	155	211	182	252	194	177	200	181	213	244	214	185	259	132	266	157	275	155	258	244	259	293	258	269	255	268	269	105	285	199	288	318	282	230	289	255	308	283	312	307	301	255	290	277	293	297	284	122	303	149	313	185	307	127	292	151	297	177	288	77	237	78	212	79	182	82	147	89	121	106	99	121	81	151	67	177	55	334	233	334	203	330	172	321	148	318	124	307	102	289	81	266	68	240	56	208	144
254	192	408	205	75	201	153	225	156	175	150	248	161	152	159	200	168	213	171	187	170	232	170	168	167	199	196	230	213	169	213	175	230	220	230	166	269	118	272	141	280	141	265	223	272	269	277	248	270	248	287	91	284	175	293	289	304	209	295	226	321	261	327	281	320	230	303	257	309	275	308	105	306	135	313	162	313	112	298	129	298	155	295	71	242	75	214	79	185	90	163	98	137	109	124	123	107	153	91	177	83	314	250	315	229	311	206	302	183	295	161	289	141	279	119	263	107	237	87	201	160
255	201	418	198	85	196	141	221	154	173	150	234	169	156	164	199	175	211	179	190	178	223	177	174	175	198	212	224	224	170	221	176	235	221	238	170	284	129	291	147	297	146	282	227	284	269	287	249	282	249	296	104	301	177	305	289	306	214	306	231	323	259	325	278	317	237	309	256	308	276	302	124	326	141	329	165	328	124	309	142	314	162	310	86	257	93	233	94	219	102	188	106	170	117	141	128	124	145	104	166	87	309	258	302	234	294	209	291	193	281	165	269	137	254	119	235	101	218	86	199	165
256	201	394	207	66	208	140	237	143	179	141	256	154	157	151	206	158	222	158	193	159	236	154	173	157	207	183	244	204	169	200	172	217	237	218	177	261	126	264	148	273	146	256	235	265	280	273	260	264	258	282	104	280	185	283	301	278	227	284	245	301	266	306	292	297	245	288	267	286	287	281	112	298	143	302	166	299	123	280	141	284	168	282	75	246	80	214	81	182	80	158	86	131	104	120	130	96	149	76	185	68	318	247	318	218	315	195	313	165	309	152	295	120	287	105	275	92	246	77	206	150
257	262	385	269	69	264	122	294	130	235	129	317	147	211	142	265	157	280	163	255	164	296	158	234	158	262	189	298	201	227	202	238	221	288	220	228	261	182	262	203	275	202	255	292	261	341	264	320	256	318	274	160	282	238	283	366	278	280	288	302	305	332	310	353	307	300	293	324	291	346	291	173	304	197	304	221	304	177	295	199	295	218	287	134	234	138	211	145	180	145	146	153	128	163	113	189	85	214	71	237	66	383	231	382	212	378	191	375	171	364	137	360	116	341	97	322	79	303	70	264	145
258	204	388	195	57	199	123	225	129	169	127	247	144	150	142	197	153	215	162	181	162	230	156	168	152	198	188	231	202	168	203	171	217	220	222	170	264	127	268	147	279	145	263	226	263	271	260	249	258	251	272	100	285	180	295	292	284	218	295	240	310	269	313	291	297	242	290	265	292	279	288	113	312	137	320	163	317	120	295	140	298	160	295	85	240	85	212	89	186	95	162	104	135	111	117	124	102	149	83	172	62	306	230	303	202	297	177	292	163	287	132	277	113	265	96	252	84	228	64	195	142
259	212	455	180	125	186	186	210	190	160	194	229	203	145	209	188	218	197	219	178	222	214	215	163	218	189	244	221	253	161	260	170	275	214	274	165	319	118	329	143	339	138	320	224	315	274	314	250	310	249	327	98	355	176	346	296	329	217	340	233	356	259	358	274	355	236	339	253	343	275	339	110	367	140	373	165	361	113	360	135	357	159	354	73	300	73	279	74	255	77	231	81	202	89	181	111	158	130	135	151	136	308	280	298	253	295	232	293	208	282	191	265	167	254	158	228	142	213	134	187	205
260	181	356	192	88	190	136	210	140	170	142	228	149	154	150	187	161	196	165	183	166	213	159	168	162	187	191	213	200	164	196	167	207	207	213	162	250	122	250	140	261	140	247	208	251	250	253	233	250	233	262	96	262	170	269	276	264	198	273	219	287	244	293	266	280	222	277	242	278	262	272	108	281	133	287	159	285	112	270	134	276	155	273	87	224	88	209	92	186	93	164	102	141	115	125	130	110	146	101	167	91	294	228	293	211	291	190	289	167	282	147	270	127	253	109	239	101	221	88	190	152
261	187	374	189	108	191	161	212	165	171	165	228	174	152	172	192	184	203	187	182	187	214	181	166	181	188	209	220	224	169	219	173	232	213	238	167	276	127	280	145	289	145	274	217	277	254	275	238	271	238	285	116	290	175	294	273	281	203	296	224	314	252	314	264	304	225	298	248	299	260	291	122	307	140	312	162	312	126	298	141	301	159	299	98	248	98	225	107	213	110	193	115	167	122	149	138	138	148	126	167	113	290	254	291	235	280	212	274	190	269	167	260	151	251	136	233	122	213	113	192	175
262	225	400	231	65	230	125	259	130	204	131	281	141	186	138	231	160	240	163	219	164	262	157	202	157	228	191	264	202	199	201	207	217	254	222	199	262	150	263	171	274	171	257	260	262	309	268	288	258	287	277	127	287	209	284	333	274	248	288	263	308	290	316	315	308	270	293	287	294	311	284	139	303	169	309	192	302	143	289	165	289	188	289	111	237	116	207	117	181	117	156	127	134	141	106	155	84	178	75	206	65	352	234	350	210	344	187	336	154	328	127	320	106	303	91	283	79	261	70	230	145
263	208	380	188	70	190	124	221	126	163	130	234	141	145	148	193	152	203	153	182	155	220	147	164	152	194	172	228	186	164	192	170	208	223	203	171	255	125	262	146	269	145	253	225	252	270	255	250	248	252	264	104	279	182	278	292	271	216	274	239	292	262	294	279	285	238	274	261	275	274	274	118	295	142	298	166	294	120	283	141	282	164	281	80	240	80	213	84	190	87	165	92	149	102	121	122	103	140	89	163	75	303	225	297	204	296	182	290	159	281	136	269	116	255	98	240	84	216	74	193	140
264	236	398	233	56	233	124	258	128	208	129	276	142	186	140	234	151	244	156	223	157	260	149	203	149	233	187	263	201	207	202	212	216	258	218	207	260	161	268	183	273	182	257	262	262	306	268	286	258	286	275	140	277	218	283	332	282	255	285	269	304	296	309	318	296	271	288	295	291	311	287	150	298	175	303	199	301	155	286	178	288	200	285	115	243	120	217	127	182	127	159	134	134	147	118	168	97	184	82	206	69	352	241	349	212	348	186	343	162	336	142	324	119	305	102	284	84	262	64	235	141
265	203	410	207	103	207	169	231	169	183	167	247	172	162	170	206	184	222	192	196	186	238	184	178	183	205	216	241	233	177	230	181	241	228	253	174	285	123	284	145	294	145	280	228	288	275	293	256	283	255	301	105	316	182	311	302	301	219	315	239	338	260	339	290	329	241	317	259	321	279	314	115	333	137	337	165	333	122	322	140	322	163	317	85	261	90	236	90	208	90	187	94	156	111	138	128	114	151	112	173	103	323	264	318	234	314	206	311	198	303	170	292	151	272	124	259	117	239	108	207	177
266	211	367	213	46	211	110	234	109	187	109	254	127	166	125	211	141	225	145	198	143	236	133	184	135	209	176	242	187	182	190	185	208	237	206	182	248	134	253	157	261	155	244	239	249	287	247	264	244	263	260	110	267	193	271	311	265	229	274	246	290	279	292	299	288	250	274	275	276	295	268	123	291	149	292	178	287	129	275	149	278	171	274	84	225	87	199	93	177	97	156	110	123	119	97	132	80	151	59	181	45	333	220	330	199	325	168	317	150	311	126	300	97	287	79	263	57	244	45	210	128
267	221	414	226	73	223	144	247	151	197	148	268	158	176	151	221	171	237	174	208	173	251	170	190	167	221	198	255	212	189	216	194	228	247	226	190	274	139	282	161	290	161	272	249	278	299	283	275	276	274	293	115	291	205	297	324	303	238	298	256	318	283	325	308	318	261	305	283	309	302	308	120	309	152	321	183	313	138	303	155	306	184	301	90	250	91	231	91	196	97	164	106	142	116	124	138	105	163	80	188	71	339	250	336	224	335	195	332	172	327	155	315	127	303	109	275	84	256	75	222	160
268	192	453	201	80	200	151	225	153	175	152	249	160	151	162	198	172	212	175	185	174	229	169	169	172	197	204	235	222	164	219	168	233	223	238	164	293	112	295	132	306	133	289	225	289	280	293	255	286	256	303	90	305	170	317	303	311	214	314	235	332	266	338	293	331	240	315	267	319	285	317	95	330	126	337	155	334	99	316	123	317	152	317	69	260	69	235	76	203	81	184	90	163	105	139	127	115	145	94	169	81	329	267	328	240	322	209	316	179	307	156	292	132	277	116	254	93	226	78	199	164
269	199	412	200	58	198	139	223	143	167	142	242	155	148	158	195	166	209	170	180	172	224	161	164	164	197	198	231	212	167	215	170	229	220	229	168	275	117	280	138	288	138	274	229	274	283	278	258	270	257	286	91	287	183	297	307	291	212	304	234	322	263	325	289	310	236	302	265	303	285	297	106	311	127	321	157	324	111	299	132	308	158	303	76	242	78	222	83	184	86	160	96	137	101	120	118	101	144	75	172	60	323	235	320	211	317	190	314	168	310	149	294	122	270	96	254	84	235	68	198	155
270	237	445	220	59	223	135	254	139	191	143	286	153	164	153	223	170	236	173	215	174	264	166	186	166	228	203	268	216	188	217	196	233	258	234	192	281	141	286	162	296	160	278	271	277	326	276	297	270	298	288	111	305	208	311	351	295	256	300	278	314	306	321	340	307	283	303	305	305	330	299	132	325	158	334	187	325	133	319	163	316	185	315	85	251	87	232	86	204	90	167	94	135	110	121	132	99	155	78	189	66	369	228	366	207	370	193	362	152	348	129	330	103	309	86	292	69	251	51	225	160
271	207	399	206	79	208	147	237	151	177	153	255	162	161	165	204	178	216	181	193	183	238	176	175	178	207	207	244	219	174	221	181	237	230	236	177	276	129	277	152	287	150	272	234	274	281	276	263	270	262	287	105	289	188	299	310	284	227	299	245	312	266	313	294	311	247	299	270	298	289	294	116	312	145	323	173	320	120	297	145	300	166	301	84	254	86	228	88	199	94	167	105	149	114	130	130	110	152	91	180	80	334	246	329	215	326	199	320	173	314	152	303	131	287	112	264	97	237	80	203	164
272	196	388	192	97	197	159	218	158	173	160	237	166	153	166	194	175	206	181	182	179	218	178	167	176	192	212	221	220	166	225	175	241	214	234	166	277	125	282	143	289	142	274	222	274	265	275	246	271	245	283	100	300	183	300	288	293	209	299	232	316	256	318	276	311	231	299	250	300	269	297	110	318	138	323	168	317	120	302	139	307	161	303	77	254	76	229	85	212	89	182	95	156	105	138	120	121	141	108	169	96	311	255	309	228	306	204	298	176	291	159	278	137	263	122	247	109	223	98	193	168
273	221	386	228	86	229	144	247	150	208	149	269	165	191	159	229	171	237	173	219	173	251	170	204	169	228	198	259	210	197	209	205	228	249	226	198	266	151	267	172	277	172	262	252	270	292	279	274	268	275	283	134	280	203	289	309	291	245	290	255	304	282	310	299	305	261	294	279	296	297	298	146	299	167	303	189	300	152	285	167	287	186	288	119	245	123	225	128	204	135	183	139	157	150	137	169	115	184	100	210	88	326	258	321	230	318	213	318	193	313	168	304	149	291	129	275	109	259	93	228	161
274	203	421	205	69	202	130	227	135	178	132	246	146	160	148	202	156	217	158	188	162	234	155	173	156	202	191	242	209	175	205	179	221	234	221	174	273	127	279	147	286	144	269	231	275	282	282	260	274	261	290	102	290	183	294	303	299	220	295	238	321	270	326	295	320	243	307	268	308	289	304	111	314	134	323	163	313	120	298	137	305	165	302	83	241	89	217	96	194	103	175	106	144	113	124	137	103	157	84	177	73	331	245	329	218	323	188	317	165	310	144	295	120	281	97	257	83	235	67	202	149
275	187	394	172	101	176	166	198	163	151	170	220	170	133	177	175	188	185	186	162	186	203	181	147	185	172	214	207	223	148	229	155	236	202	237	153	277	109	287	130	292	129	275	209	273	252	276	233	268	235	285	88	300	166	300	275	287	193	295	213	313	239	316	263	302	216	296	241	299	254	299	97	310	123	323	153	319	106	301	125	309	147	301	62	261	64	241	68	213	71	190	79	163	88	145	105	131	123	119	148	114	297	249	296	227	289	201	283	171	278	155	266	139	247	124	229	110	195	102	175	177
276	215	418	204	89	206	160	234	161	176	163	265	172	152	175	207	184	223	188	193	188	242	181	174	182	208	211	251	224	173	228	179	248	245	242	182	289	129	296	157	305	155	288	239	287	292	291	268	286	268	304	112	317	194	321	310	316	232	322	248	341	276	348	300	335	254	324	276	325	296	317	120	334	148	345	176	342	126	325	148	330	170	323	85	262	80	242	88	216	89	189	97	151	111	123	127	110	150	102	173	94	339	260	335	229	335	201	330	175	324	149	306	127	289	109	264	93	236	88	207	174
277	219	426	225	104	232	160	252	173	206	167	263	188	183	177	229	192	240	197	219	194	252	191	203	187	228	222	255	238	197	233	199	246	249	252	194	297	151	296	170	307	169	291	249	298	288	303	270	298	271	311	121	306	206	319	311	320	239	322	258	344	283	344	299	337	257	326	276	326	295	320	130	326	158	341	186	341	141	313	165	322	191	320	103	262	107	239	115	218	123	190	133	171	140	147	156	125	175	112	202	103	325	281	320	256	314	237	312	217	308	188	300	171	289	147	276	128	249	102	229	181
278	219	423	216	80	221	141	244	144	189	143	258	162	174	160	220	176	232	176	204	176	248	168	190	172	217	210	254	222	178	217	188	237	243	238	183	291	140	297	161	306	158	290	251	286	296	296	270	289	268	306	113	319	201	311	313	317	234	313	254	339	285	343	299	333	250	320	271	325	292	320	137	329	156	337	183	333	139	319	156	323	179	320	83	267	88	233	96	213	100	187	110	158	124	142	139	123	168	96	189	86	337	260	333	236	330	218	323	190	321	169	311	150	292	127	273	104	244	83	219	161
279	186	412	194	91	190	152	219	157	163	154	241	169	141	168	186	174	201	178	175	176	221	175	156	173	187	202	224	220	149	219	158	235	216	238	159	280	108	282	129	293	129	277	214	281	261	290	241	281	239	296	77	290	165	302	283	306	203	304	223	321	247	326	266	323	223	305	243	308	264	306	92	315	122	319	150	313	99	297	121	303	147	302	62	259	63	234	66	201	69	169	72	152	86	130	116	113	135	98	165	85	307	264	308	244	308	216	305	185	300	158	289	137	274	123	249	103	222	88	188	164
280	186	355	190	57	192	109	220	114	161	113	236	132	147	133	192	137	203	141	181	137	218	132	162	138	192	163	220	176	160	176	166	191	218	192	164	244	124	249	138	254	138	240	218	241	264	249	246	240	246	254	97	261	171	262	288	260	207	259	226	281	248	288	277	278	231	265	251	268	269	265	108	278	130	285	155	277	116	264	133	269	151	268	86	229	90	212	97	180	98	154	106	129	117	111	129	93	146	76	169	57	308	226	307	195	302	173	297	153	289	126	280	110	261	92	242	71	216	56	193	127
281	194	348	199	70	199	122	220	125	178	125	236	135	160	135	196	144	206	148	187	148	220	142	174	144	196	173	224	183	175	180	179	193	216	197	172	235	131	236	150	245	150	232	219	234	261	237	243	233	242	246	105	248	180	257	284	246	212	259	229	273	257	277	276	266	232	259	251	259	273	258	123	268	140	273	167	271	125	255	142	261	161	259	93	209	99	190	98	166	103	146	112	126	123	113	135	98	153	83	174	73	304	214	302	196	301	173	297	149	289	129	278	113	258	95	243	82	224	74	198	134
282	180	377	185	106	186	164	207	167	167	168	221	175	147	172	186	185	194	188	179	188	206	182	161	184	185	213	212	223	165	225	167	233	207	237	161	279	122	283	139	293	140	276	208	279	246	280	231	274	230	290	105	290	169	299	263	288	198	297	218	316	243	317	257	305	219	300	241	303	253	293	116	310	137	316	160	313	119	299	135	301	157	304	93	262	93	238	102	209	109	195	112	180	116	163	129	133	142	122	162	113	280	255	278	239	271	218	265	194	261	172	254	157	248	143	230	128	210	112	186	176
283	240	399	259	60	256	126	285	129	230	127	304	142	209	135	254	154	262	158	244	157	284	151	223	151	253	189	286	199	224	198	225	214	274	219	220	257	172	255	189	264	192	250	279	260	329	264	307	258	305	276	140	272	224	284	354	276	264	288	280	309	313	315	338	303	288	291	314	291	337	285	151	293	177	304	205	302	157	280	179	285	204	284	137	217	136	196	144	175	147	142	157	120	165	99	182	80	210	68	233	67	374	239	378	213	370	185	364	157	355	131	351	105	331	94	315	83	292	66	254	144
284	220	385	228	29	226	102	251	106	198	105	276	120	179	117	222	130	246	135	206	135	256	129	192	130	223	161	258	172	192	176	202	191	250	191	197	235	145	240	167	247	167	231	257	232	307	236	287	230	285	246	118	255	201	263	331	261	243	261	264	285	296	289	320	278	267	264	289	267	311	268	132	281	157	289	184	287	136	267	157	271	180	270	107	207	111	184	113	154	116	121	121	106	130	80	151	57	171	48	195	35	345	206	342	189	334	160	332	124	330	105	326	92	307	66	282	46	257	36	224	120
285	209	418	230	74	220	139	242	147	192	142	259	162	176	158	217	170	232	173	205	173	245	168	189	169	217	200	248	214	181	209	187	225	240	227	184	277	137	279	158	289	157	272	240	282	285	286	265	279	264	296	110	298	191	301	308	306	229	304	245	318	268	322	288	325	251	307	265	306	291	309	120	315	143	318	173	314	130	302	147	302	169	301	95	254	100	239	108	206	116	180	124	154	137	134	154	106	172	89	197	76	329	267	324	242	323	220	319	199	316	169	306	147	291	120	275	100	255	88	217	160
286	220	401	223	77	223	144	248	152	194	150	267	162	175	161	223	171	235	176	212	177	251	169	190	173	223	206	255	220	195	220	203	232	245	238	195	280	147	286	170	293	168	278	253	283	297	287	276	280	276	295	124	294	207	302	323	299	242	302	264	319	293	324	309	318	262	305	285	308	307	302	138	316	164	322	194	317	145	303	162	306	189	303	96	259	99	234	103	202	105	176	112	151	122	136	146	115	165	92	198	81	336	264	341	240	336	210	332	186	325	163	314	137	293	125	278	101	250	85	224	163
287	198	365	192	43	191	110	219	115	169	113	238	125	150	121	194	139	206	142	181	140	222	134	168	135	191	170	226	184	163	184	166	199	219	202	165	243	120	248	141	253	140	237	224	243	270	243	248	238	248	255	100	268	177	266	292	265	206	269	232	285	261	291	284	279	230	267	257	272	274	265	108	287	130	287	157	283	114	266	134	271	153	268	76	221	80	189	84	164	90	147	99	116	109	94	124	71	138	56	165	45	321	213	319	185	315	159	309	139	299	112	287	95	268	73	247	50	222	44	192	125
288	196	381	203	85	202	148	220	148	178	147	242	154	161	155	200	159	212	162	187	161	224	159	176	158	199	197	232	205	171	204	177	219	225	222	175	260	131	265	152	273	151	258	228	264	273	268	252	261	251	276	99	273	181	285	303	276	213	284	231	299	261	306	290	299	233	286	258	289	284	286	110	293	139	300	165	296	119	278	141	287	164	283	84	238	89	213	92	190	99	164	103	142	112	126	135	109	151	91	178	84	324	246	320	219	315	195	308	168	304	150	290	124	279	110	259	95	235	85	201	155
289	185	390	190	87	192	150	212	155	166	151	234	164	149	162	190	167	202	169	177	168	219	170	163	167	188	196	219	210	160	209	168	229	212	224	160	271	115	276	134	284	133	268	216	271	258	276	239	269	239	286	88	292	166	292	281	293	203	293	216	310	245	314	272	308	224	296	243	295	266	296	101	309	128	313	153	309	106	294	126	297	150	295	69	250	70	230	73	210	82	184	90	161	101	139	117	121	141	104	168	92	302	253	300	232	300	216	293	188	287	164	274	145	262	125	245	110	220	93	191	160
290	208	393	208	90	208	150	229	155	183	156	245	168	168	168	206	180	215	181	195	182	234	178	182	177	209	211	237	222	181	221	188	240	229	238	180	277	132	278	152	286	152	274	236	275	280	277	261	272	261	287	112	293	187	297	298	298	226	301	246	316	271	322	287	314	251	306	267	303	282	302	129	313	153	317	174	314	130	301	149	303	168	299	94	249	99	229	103	210	109	185	112	163	120	144	137	125	155	105	181	95	309	253	305	235	301	213	299	193	296	168	286	146	270	126	254	110	238	93	207	169
291	182	354	177	74	177	128	203	132	153	134	218	138	133	144	177	157	186	153	166	158	206	152	149	155	173	181	203	191	147	192	154	210	198	206	151	249	105	253	127	261	125	247	206	245	252	249	232	242	231	259	84	271	159	273	272	273	199	273	217	281	236	288	259	287	220	271	238	278	254	277	95	280	119	287	148	283	100	275	121	277	141	276	58	225	61	208	65	180	64	158	70	134	86	112	105	101	129	91	149	81	288	216	289	196	291	178	285	157	275	135	267	115	247	97	231	86	204	77	179	147
292	218	355	229	49	222	121	245	123	201	123	265	132	180	129	222	133	237	138	210	138	252	135	198	135	222	166	252	180	190	181	196	196	247	195	192	243	148	248	168	256	168	239	247	241	296	249	271	239	271	258	124	260	191	261	312	264	239	261	259	275	282	279	305	279	259	267	279	269	297	267	137	270	158	275	182	271	142	263	158	264	179	263	105	222	107	193	111	175	117	152	124	137	136	114	158	83	175	61	200	50	337	226	334	198	333	181	329	157	323	131	309	102	293	82	271	67	254	55	223	128
293	196	443	207	112	205	180	229	183	177	178	251	195	158	192	205	198	217	203	192	204	234	200	175	200	203	227	237	246	175	245	181	262	225	262	175	303	126	306	149	316	148	299	231	306	276	308	256	302	256	321	97	321	179	329	305	333	221	337	235	350	268	359	295	354	241	336	268	343	288	342	111	347	138	353	162	347	117	330	137	337	158	333	76	279	81	244	86	223	93	207	101	181	114	160	128	141	154	126	179	113	323	285	319	266	316	234	309	208	303	190	295	170	282	145	264	129	239	117	206	191
294	185	394	201	61	199	119	223	127	175	123	232	143	160	136	195	149	206	153	185	150	222	151	172	148	190	180	221	193	161	190	169	209	212	214	164	257	121	258	138	267	139	253	217	259	261	263	241	259	242	272	89	272	168	283	285	276	204	285	225	303	251	310	272	300	228	292	247	289	270	290	99	294	128	304	151	301	105	283	127	290	146	287	82	230	84	207	88	182	102	153	104	140	115	116	133	94	151	79	177	66	305	247	300	224	299	199	294	173	287	143	279	130	266	106	253	87	230	70	198	138
295	187	406	211	115	201	179	228	186	176	181	246	194	156	190	198	199	211	202	186	203	230	200	170	199	197	224	231	239	164	238	173	254	220	256	171	293	126	292	144	302	145	288	222	296	264	300	244	291	244	307	102	303	174	308	284	314	209	311	225	325	249	332	273	331	229	313	248	316	268	318	113	324	138	328	160	321	120	307	138	308	158	308	82	263	85	242	90	218	95	201	105	172	123	153	141	137	161	120	183	113	312	276	313	250	314	229	312	210	308	187	297	162	279	147	262	135	237	118	202	193
296	190	356	178	60	180	104	205	110	153	117	220	127	139	131	183	134	196	138	173	139	210	133	156	136	183	157	212	169	155	175	159	189	207	186	156	236	113	242	132	248	131	235	209	234	251	236	233	231	234	244	92	258	164	257	274	249	206	257	223	270	239	275	263	270	225	260	239	258	258	256	106	274	124	275	150	269	106	259	126	259	146	257	69	223	70	208	79	190	80	161	88	136	98	113	114	92	131	74	154	61	285	217	280	194	277	174	270	151	265	130	252	108	243	94	221	72	202	59	183	122
297	298	433	286	110	288	174	313	179	260	181	332	191	242	196	289	203	301	204	278	207	318	201	261	204	292	242	324	249	258	252	265	270	314	266	260	313	212	320	233	328	231	311	321	310	366	310	345	304	347	322	190	342	267	340	391	330	316	336	338	351	357	356	374	349	337	341	355	340	371	338	205	356	235	359	261	354	209	350	230	350	251	343	160	295	160	266	163	243	167	220	175	195	188	167	206	147	229	127	257	114	403	284	400	257	397	233	387	209	381	186	374	166	355	147	339	133	312	113	290	194
298	232	366	241	82	237	139	261	145	217	143	282	154	201	152	240	162	250	164	229	166	266	159	216	160	241	187	267	199	212	198	216	214	260	213	212	256	171	257	189	268	191	252	265	257	313	261	291	254	292	270	144	273	219	282	334	278	257	281	275	298	298	300	322	291	279	286	299	289	318	287	156	291	180	298	203	295	160	285	181	288	202	281	128	228	133	207	136	189	143	166	154	144	157	123	175	109	194	94	217	87	358	236	354	212	349	190	345	167	337	150	329	131	313	107	294	98	271	89	240	152
299	245	435	218	129	222	189	245	195	195	197	263	205	180	213	222	215	234	217	211	219	249	213	196	217	227	246	254	251	198	255	205	268	247	269	203	315	155	323	179	330	178	314	255	311	304	312	281	305	281	325	136	343	210	340	323	331	254	337	270	348	289	352	309	346	273	339	288	341	309	335	149	361	171	368	193	357	152	345	175	346	191	343	116	296	118	280	119	256	121	228	127	205	136	188	153	164	171	146	193	136	337	284	331	258	325	235	321	215	312	192	299	171	285	157	264	142	245	134	222	205
300	189	387	198	92	197	148	218	153	176	152	232	161	162	165	195	174	204	180	184	177	219	172	175	175	192	197	218	207	169	207	174	223	214	223	169	267	128	266	148	279	148	263	218	265	258	267	239	263	239	277	108	285	171	288	284	284	212	293	230	305	247	308	275	301	231	295	246	295	271	293	116	297	136	303	159	302	119	291	139	292	155	289	92	245	98	225	105	212	105	185	110	163	122	139	135	122	152	111	172	97	301	245	300	226	298	201	293	178	288	159	275	140	261	127	245	111	223	98	197	165
301	214	358	215	77	213	138	236	141	190	141	251	146	172	151	213	157	222	161	203	160	239	156	188	157	214	183	242	195	190	197	194	209	232	211	190	254	147	257	164	265	167	251	240	254	280	255	263	251	261	265	131	269	193	275	297	267	230	279	245	292	273	293	288	289	254	282	273	286	283	278	143	291	158	293	178	295	145	281	159	286	177	281	111	229	117	206	124	188	130	170	134	152	141	132	158	107	176	92	193	79	314	231	312	205	308	187	300	171	295	144	289	127	278	109	260	94	239	82	214	150
302	204	360	198	48	196	95	223	98	167	103	236	113	150	123	197	120	209	122	184	126	225	121	166	123	199	141	232	161	166	162	173	178	224	178	174	224	128	234	148	242	147	226	228	224	278	227	254	222	255	238	107	252	177	251	298	247	217	246	238	261	263	267	291	259	241	249	262	249	280	249	115	271	142	271	166	267	121	254	141	257	161	251	84	215	87	194	90	168	95	151	99	129	109	99	127	85	149	63	172	55	311	203	306	176	300	154	296	132	292	108	278	84	263	68	248	60	222	51	197	110
303	209	404	215	66	214	136	238	139	187	137	262	151	169	147	211	163	224	167	197	169	243	159	181	164	214	190	246	204	181	204	188	223	235	220	187	270	133	277	157	284	156	267	245	266	296	270	273	265	275	281	107	303	188	296	323	297	236	296	254	310	278	319	305	317	261	300	282	308	305	309	122	319	147	323	171	317	127	308	148	305	169	303	98	247	99	226	104	210	109	174	112	145	121	122	137	104	162	87	184	70	332	239	330	216	323	192	321	170	319	145	306	118	288	96	267	78	244	65	211	151
304	190	394	185	79	186	145	207	152	161	151	221	162	145	165	184	177	199	180	171	180	209	176	160	175	185	200	214	212	155	211	158	228	206	226	161	270	116	272	135	280	135	268	209	271	251	270	234	269	235	281	89	290	166	294	275	284	202	295	220	309	244	313	262	306	223	298	243	298	260	293	101	311	130	316	148	311	107	296	128	297	148	295	74	248	77	230	82	203	87	179	93	163	100	139	118	115	138	99	163	85	287	244	284	224	285	199	282	181	274	157	267	136	249	116	232	100	211	82	184	164
305	190	388	201	98	198	163	221	166	173	159	236	168	157	170	198	180	209	184	185	184	226	179	171	181	198	210	228	223	172	216	174	233	219	240	169	272	128	273	144	279	145	268	221	274	265	278	246	273	247	285	108	292	177	298	288	293	212	299	227	318	255	319	274	312	229	301	251	308	270	303	117	316	135	314	159	318	124	305	138	304	157	300	90	244	92	223	93	203	99	188	107	164	113	136	132	123	155	109	176	99	314	252	302	228	293	201	296	182	289	163	284	146	273	131	255	118	229	99	197	172
306	195	398	191	74	192	142	215	147	171	149	232	159	151	161	195	166	209	173	181	172	220	170	167	169	198	202	227	214	166	214	170	230	218	228	165	273	121	279	142	286	142	270	219	274	263	275	244	269	243	284	91	293	172	293	289	288	211	295	229	310	255	313	275	308	232	296	251	301	271	295	111	312	137	312	158	311	114	299	135	299	152	295	72	257	72	234	79	196	83	177	89	152	98	137	112	113	138	94	161	75	307	252	307	228	300	205	291	176	286	157	276	131	262	112	242	91	217	79	193	158
307	216	409	203	52	207	130	230	131	182	134	252	138	160	143	205	153	222	154	191	156	235	151	175	150	204	176	240	195	172	194	179	214	233	212	184	267	131	277	155	285	153	268	238	265	292	268	268	262	268	280	106	291	188	286	310	290	233	288	254	301	274	302	303	303	251	288	267	290	296	291	119	308	148	308	170	302	125	297	146	298	169	291	81	254	87	224	91	205	94	183	99	149	112	116	125	101	148	76	170	57	338	240	329	209	330	188	325	166	316	142	305	117	281	86	262	72	240	66	206	141
308	179	415	187	64	183	132	209	134	156	135	229	140	139	146	182	149	196	152	170	153	217	147	154	152	178	178	210	196	149	198	151	212	205	210	149	269	99	273	119	285	118	268	212	264	262	268	239	265	240	280	74	290	152	291	287	288	200	287	218	302	247	308	276	302	221	289	246	296	267	289	90	309	113	311	138	307	92	296	111	294	134	292	61	258	61	232	69	202	74	178	84	154	92	137	110	109	130	93	153	74	310	257	307	222	303	193	297	169	286	145	271	119	258	103	235	87	211	68	183	142
309	184	358	189	61	194	123	213	125	170	122	232	132	152	131	192	137	204	140	181	139	219	138	169	137	190	171	222	183	161	181	165	197	216	200	165	240	121	242	141	251	141	235	214	241	257	245	239	240	240	256	91	254	170	258	291	258	199	256	220	272	249	279	274	275	225	262	245	264	269	265	105	271	132	275	156	272	109	258	132	264	153	257	73	218	79	201	84	171	89	142	97	119	108	104	124	84	144	69	167	60	309	225	307	200	302	180	296	158	293	136	280	106	263	88	243	73	223	64	192	132
310	202	426	203	53	204	124	229	130	173	130	253	144	156	145	202	154	212	157	190	158	235	152	174	157	203	184	237	200	172	202	177	222	227	220	174	272	121	278	145	286	143	267	239	269	291	277	269	269	267	288	98	295	180	298	315	295	225	299	243	313	275	317	300	311	248	303	276	302	296	303	112	310	136	319	163	315	114	301	137	304	157	299	80	246	82	223	86	193	93	169	97	147	108	125	124	95	150	74	175	61	337	249	333	219	331	195	324	166	318	141	304	117	284	94	259	74	232	61	204	142
311	239	443	246	82	243	157	273	165	212	160	302	180	187	172	241	195	256	198	228	199	278	192	205	192	242	225	282	237	204	233	212	257	266	257	208	301	158	306	181	314	180	296	279	301	335	305	312	299	310	319	131	332	215	327	365	329	269	329	284	343	312	348	343	345	295	335	316	338	343	333	147	345	177	350	198	344	149	337	174	338	197	334	112	264	114	242	121	218	127	194	130	165	139	137	164	120	185	99	215	91	386	272	382	246	376	223	371	191	362	164	353	136	335	116	309	102	287	91	241	182
312	186	384	176	81	176	136	198	138	151	141	215	151	135	159	178	164	189	167	167	170	204	162	149	166	177	189	209	202	148	206	154	219	202	220	154	258	111	262	128	268	128	255	204	252	247	253	228	250	228	262	87	274	155	281	270	264	201	277	216	289	237	289	263	286	218	273	237	274	254	269	96	292	125	300	145	295	100	281	125	287	139	284	62	238	67	221	71	193	77	165	81	149	91	129	103	109	123	96	147	86	287	231	283	209	280	193	277	166	271	144	258	126	241	103	224	88	204	87	176	151
313	172	398	190	95	188	153	209	157	166	157	230	167	143	162	186	168	197	173	172	172	215	171	159	170	183	202	214	215	151	216	160	232	203	232	155	276	107	279	129	287	128	272	210	275	254	279	232	274	234	291	83	294	163	297	276	299	196	295	211	314	241	317	265	314	216	299	238	302	260	301	96	314	120	318	149	314	102	300	122	301	144	298	61	257	66	234	71	209	78	185	90	160	99	139	115	125	135	109	163	94	301	262	300	235	297	215	290	189	285	170	274	146	260	132	243	113	219	98	186	164
314	200	381	202	72	199	129	221	135	175	133	237	147	160	148	199	157	209	160	189	160	225	155	174	158	202	189	230	202	173	203	180	220	223	219	173	257	130	262	149	269	147	255	230	255	273	259	254	253	253	268	112	281	180	282	294	277	219	282	236	297	259	299	280	293	239	282	257	285	279	284	122	292	144	297	168	295	126	283	144	286	162	284	93	233	95	211	98	191	104	166	107	143	117	121	133	104	151	81	176	76	310	233	307	211	302	188	295	163	289	149	281	120	267	104	251	90	228	77	200	148
315	216	388	224	62	222	115	245	122	199	122	259	134	183	136	222	140	233	144	210	141	247	142	197	142	221	174	253	187	193	186	197	202	246	202	193	251	148	256	169	263	168	247	246	250	290	256	271	248	270	262	127	272	197	273	311	275	233	272	253	286	275	292	297	292	259	274	277	279	295	280	134	288	159	290	182	284	142	276	159	276	179	274	113	230	115	203	121	179	128	153	132	135	145	109	163	87	178	72	198	61	332	232	326	208	324	182	320	155	317	139	306	118	290	94	271	82	249	69	221	134
316	184	371	176	89	178	147	204	147	153	150	223	152	132	160	177	170	186	169	169	172	208	163	150	169	174	197	207	206	148	207	157	223	200	223	152	261	107	268	129	275	128	260	208	256	251	261	233	255	234	270	83	283	161	285	278	278	200	284	218	295	239	302	261	296	221	286	238	289	255	284	96	296	126	304	152	297	101	289	125	292	145	291	61	243	63	224	64	192	64	162	74	141	85	124	103	109	123	99	148	92	289	229	291	206	291	187	285	163	277	141	267	124	247	108	228	94	205	89	180	162
317	204	379	220	81	214	144	237	149	190	144	258	156	169	151	213	159	226	163	202	161	242	160	187	160	212	192	243	205	179	203	185	221	231	223	182	263	137	267	158	276	157	260	236	265	281	270	260	261	260	277	118	276	186	279	300	283	227	283	243	299	268	305	290	300	245	287	268	290	288	285	128	290	149	295	174	292	133	282	149	286	170	282	98	238	98	216	103	187	107	167	113	144	128	125	149	97	167	87	192	78	329	247	327	221	325	196	324	173	314	149	303	122	287	103	268	85	246	78	214	153
318	191	437	206	114	204	182	229	186	177	186	250	198	153	194	202	201	214	204	189	205	232	202	172	201	200	231	234	249	170	243	176	262	225	264	172	305	121	305	145	316	144	300	227	308	275	308	252	304	254	319	98	323	177	329	297	346	213	333	234	357	268	365	289	359	236	339	261	345	284	347	113	351	139	352	163	348	117	338	137	336	159	331	75	276	83	250	90	222	92	203	99	179	111	162	128	139	155	125	181	118	320	285	319	266	313	236	307	214	304	193	296	169	280	146	258	129	235	118	203	194
319	208	382	194	49	197	102	219	113	174	113	233	128	158	126	197	134	210	138	188	138	225	134	172	134	198	172	229	180	171	181	176	199	223	198	175	247	133	252	150	259	149	245	228	242	270	242	250	239	251	253	101	267	184	270	296	255	219	271	241	288	265	291	287	279	239	273	259	271	280	271	113	287	145	294	167	292	119	275	142	280	163	277	85	226	86	205	89	179	97	149	101	127	113	108	123	87	146	66	168	55	306	219	302	193	297	168	288	145	281	124	272	105	255	81	241	68	221	50	197	124
320	224	414	211	75	212	138	242	143	186	140	257	155	170	161	211	171	223	173	200	175	241	166	186	170	212	213	253	217	176	216	188	237	239	243	184	286	140	293	162	298	161	283	251	280	297	288	275	278	272	297	122	312	197	313	319	303	234	312	257	335	283	336	307	326	256	316	279	319	304	314	132	329	154	338	179	333	134	316	152	321	175	318	91	257	93	226	96	198	100	184	109	155	119	133	139	111	156	93	185	82	343	247	341	225	339	202	333	175	327	155	313	126	292	105	271	89	242	81	212	159
321	191	408	203	112	197	181	224	186	173	185	243	196	152	193	194	200	204	200	184	204	226	201	165	199	193	226	229	243	159	241	170	257	217	259	168	293	123	294	141	302	140	288	218	296	261	301	241	293	240	307	99	302	174	311	280	314	207	315	227	328	248	334	269	334	227	314	246	318	265	319	110	326	135	329	156	325	118	311	135	312	155	311	81	266	80	249	83	221	87	195	97	167	117	143	132	128	153	118	175	112	306	271	305	250	305	234	306	202	302	183	292	158	276	148	256	134	231	119	196	194
322	195	370	185	64	186	113	213	118	156	121	228	135	143	140	189	142	200	143	178	145	215	140	159	144	188	165	219	177	160	182	166	197	214	195	164	248	121	252	140	261	138	246	217	242	260	247	241	241	243	254	98	272	170	266	285	264	207	260	227	277	252	284	276	276	228	266	248	266	269	266	111	282	133	284	159	278	114	270	135	270	153	268	79	233	83	212	89	200	91	173	97	147	105	125	120	102	138	79	162	66	298	225	292	199	288	180	284	158	278	137	266	118	243	97	229	82	212	69	189	130
323	305	414	303	73	307	135	331	138	281	140	350	155	263	156	306	165	318	167	297	167	334	161	280	164	310	198	338	212	277	212	284	227	330	229	275	274	227	282	249	291	247	273	337	272	384	276	364	270	362	288	207	303	286	297	405	298	329	296	345	312	371	315	386	312	348	300	369	305	387	305	221	320	246	324	272	315	224	308	243	311	268	301	179	249	181	226	180	202	187	175	197	150	208	125	226	100	248	88	275	75	420	246	414	223	408	199	405	173	400	153	390	129	374	109	354	94	328	75	307	154
324	241	443	228	127	230	184	251	189	204	188	270	203	188	203	229	210	240	213	219	213	255	210	202	210	230	239	260	251	203	249	209	262	250	265	204	309	155	317	179	325	177	308	256	306	306	310	282	302	282	321	135	337	209	334	325	329	254	330	271	345	289	348	311	344	273	334	291	337	309	332	147	353	172	360	194	350	151	340	175	343	193	335	115	289	119	270	121	247	123	223	132	199	141	182	158	159	177	141	202	128	341	286	334	260	330	235	325	214	321	192	309	172	292	154	274	140	254	129	229	198
325	181	364	186	79	186	129	207	133	164	132	223	143	147	145	183	161	191	162	175	163	209	154	160	157	182	186	208	191	157	192	160	206	203	209	159	246	117	245	137	258	137	242	205	245	248	247	229	243	229	257	97	264	163	268	268	263	200	272	217	288	240	290	263	278	220	273	239	275	257	271	107	277	128	287	150	283	110	267	131	274	147	271	80	222	87	199	88	183	93	160	99	140	109	117	123	99	139	94	161	82	291	222	288	202	285	184	287	159	277	134	267	118	249	104	233	93	211	81	183	146
326	216	352	220	71	223	130	246	137	198	133	258	148	178	146	222	153	230	155	213	156	245	153	194	153	220	179	249	191	196	194	200	204	241	208	196	251	151	253	170	265	170	247	244	253	283	253	265	248	267	264	131	262	200	269	304	264	233	276	251	291	276	290	294	280	255	279	274	276	292	268	142	283	163	289	181	287	150	271	166	278	184	276	117	233	120	205	127	190	134	168	137	146	146	122	158	99	174	86	197	75	318	225	318	213	310	186	304	170	301	144	295	123	285	107	267	95	245	75	222	144
327	206	431	214	114	212	174	237	179	186	176	255	189	167	187	211	203	222	208	202	207	240	200	183	201	213	237	244	246	181	244	188	262	235	266	183	305	134	307	155	318	156	301	238	305	285	311	266	303	265	320	109	322	189	327	309	334	226	331	243	350	275	354	295	347	249	338	270	338	289	340	123	345	149	350	174	344	125	334	148	337	170	330	92	278	97	256	97	228	100	205	115	180	124	162	139	143	161	128	187	118	331	280	326	256	323	239	316	213	308	187	296	162	283	147	263	131	243	121	211	193
328	195	409	199	68	198	141	226	145	170	139	246	156	151	152	194	166	208	171	182	172	229	166	163	168	196	196	229	210	162	211	171	231	221	227	170	274	116	280	141	290	139	273	230	272	282	275	260	270	260	288	92	303	173	302	306	300	217	301	237	320	266	327	297	320	242	305	269	313	289	312	102	324	126	331	153	324	108	315	133	314	155	308	79	252	80	229	83	209	88	173	94	146	107	122	122	103	143	88	170	75	322	245	318	217	315	197	310	168	306	145	293	122	272	100	254	83	231	72	196	156
329	191	398	201	102	198	165	221	170	174	166	240	173	159	174	198	184	209	190	188	186	227	183	172	184	200	216	233	227	174	223	179	238	223	243	173	278	128	278	146	283	147	272	223	279	265	280	247	276	248	287	108	300	182	304	288	299	216	304	234	325	258	325	278	319	234	306	251	314	273	300	119	322	143	323	166	323	124	309	143	312	162	307	88	251	92	229	93	207	96	186	105	170	112	142	131	124	150	117	177	105	302	256	300	233	300	207	296	184	284	164	277	146	272	130	254	120	226	105	199	177
330	203	406	188	97	188	163	211	165	166	167	227	177	150	180	189	185	202	190	178	191	216	184	166	188	191	220	220	228	162	231	167	248	215	245	165	287	121	295	142	300	141	285	219	286	263	284	242	281	243	296	97	310	178	310	286	301	211	308	227	322	255	325	275	320	230	309	250	310	270	307	112	328	135	331	161	327	114	312	135	314	157	309	73	267	74	245	75	216	81	194	90	167	99	151	111	130	133	109	160	100	309	257	308	239	299	209	291	185	285	164	273	142	258	126	237	107	215	96	188	176
331	212	420	196	79	203	154	225	158	178	157	246	162	154	169	202	174	217	177	187	178	231	170	171	174	200	204	233	218	167	219	179	239	227	236	179	286	129	293	153	300	150	285	232	285	285	286	261	279	263	296	104	306	188	306	308	313	225	309	249	323	268	323	296	320	250	311	268	311	291	312	119	324	148	326	174	322	124	314	145	315	169	308	81	266	83	238	87	214	91	195	93	165	108	140	118	114	143	94	169	82	335	256	327	230	324	207	322	177	317	151	302	128	284	106	261	92	228	83	204	166
332	162	425	165	67	164	137	191	139	138	139	210	145	119	150	164	154	177	159	151	158	195	152	138	156	161	187	195	201	131	204	136	219	187	218	132	275	80	281	101	292	102	273	193	271	245	276	221	270	220	287	55	295	140	297	266	295	178	293	198	310	228	316	256	311	202	294	229	300	249	298	70	315	97	316	123	314	73	301	94	303	120	300	36	252	39	228	46	205	52	177	59	155	74	128	91	108	111	87	136	71	290	256	285	227	280	199	275	169	268	147	253	124	237	108	215	86	193	71	164	148
333	215	455	221	91	216	160	246	164	187	164	269	179	169	184	216	190	229	194	206	193	249	189	186	193	216	227	251	238	184	239	192	258	244	258	188	304	136	309	159	317	157	300	253	302	306	308	281	301	281	317	111	320	199	327	331	323	236	328	258	347	289	348	313	344	264	332	289	335	309	334	125	339	154	350	180	347	133	331	155	335	177	331	95	282	95	254	102	227	107	197	113	174	125	152	142	128	165	105	191	95	350	275	351	251	350	224	344	202	336	179	325	147	301	125	277	107	252	92	215	180
334	183	392	179	97	178	150	202	152	155	156	219	163	139	170	179	178	192	183	168	183	208	176	152	178	178	205	211	219	149	219	155	236	201	235	155	272	111	273	130	281	130	268	205	268	248	267	230	264	230	278	90	290	158	293	273	275	196	289	212	302	237	306	261	298	216	291	237	287	254	285	100	304	124	311	148	307	103	292	127	297	144	295	66	243	74	226	72	203	79	178	87	159	97	138	113	118	131	105	152	97	295	250	294	226	289	200	283	177	278	159	265	138	248	123	228	104	203	99	179	166
335	174	382	183	72	182	132	203	136	158	135	224	146	138	140	181	149	193	152	168	149	209	150	154	150	178	182	210	196	149	194	157	209	202	210	150	255	103	258	123	267	124	251	206	255	249	260	230	254	230	272	78	279	159	276	270	281	193	279	209	295	235	298	261	290	211	279	234	281	256	272	95	296	117	294	144	294	101	279	117	279	137	278	60	237	63	217	68	182	76	159	80	138	95	117	111	98	132	86	157	74	297	235	292	209	293	188	285	168	277	142	267	123	249	101	237	90	213	76	182	142
336	202	397	193	85	193	147	216	152	169	150	230	164	154	165	193	175	204	177	184	177	218	173	167	174	194	204	226	217	167	220	172	235	219	234	168	275	128	278	145	283	144	273	225	273	270	273	253	270	252	284	107	300	175	297	283	293	213	297	235	311	255	316	272	310	235	298	256	297	270	295	116	312	138	317	160	312	122	304	142	300	161	300	87	251	91	230	94	207	99	185	104	159	110	139	126	116	143	99	166	86	301	253	298	227	292	198	290	177	285	159	271	136	256	120	239	98	219	88	195	165
337	212	391	210	64	213	116	240	124	190	123	257	136	173	139	216	144	227	146	202	150	241	143	187	144	217	176	247	192	187	187	190	204	241	209	184	252	144	260	160	266	158	251	238	256	281	261	262	251	262	269	116	274	195	272	303	280	231	274	251	292	272	297	292	290	250	277	271	280	286	277	127	290	153	295	173	291	134	279	156	281	172	279	101	233	101	222	110	188	114	169	121	137	134	117	146	97	168	82	192	72	322	235	318	211	313	182	308	159	301	132	292	120	278	101	265	92	239	70	217	137
338	182	386	172	97	178	158	201	155	152	161	224	163	132	170	178	180	187	180	168	184	206	175	151	181	175	207	210	215	152	222	159	232	202	230	154	275	107	280	130	287	131	272	208	270	253	271	235	266	235	279	89	294	166	296	280	289	198	298	216	310	239	311	264	305	222	298	240	300	260	296	100	309	125	319	147	314	103	298	125	304	145	302	67	260	71	231	67	196	71	185	78	158	80	133	103	119	121	111	150	103	295	245	295	217	289	192	286	175	280	150	266	132	252	116	229	103	203	99	179	172
339	188	375	205	68	202	132	224	135	181	136	244	144	156	138	200	149	213	156	188	155	228	151	172	150	195	185	232	195	164	193	167	211	219	219	167	252	123	256	143	264	142	249	219	255	268	261	247	253	246	266	104	263	176	270	287	278	206	273	225	292	249	295	275	292	227	281	252	284	271	282	109	278	134	286	158	288	115	272	135	278	157	276	83	226	85	195	92	174	98	149	105	127	115	109	136	88	154	70	178	67	315	239	317	216	313	187	310	163	302	137	295	122	279	100	258	78	233	68	200	145
340	167	425	163	83	165	151	191	158	141	152	215	166	118	167	162	178	175	181	152	183	193	178	136	178	162	212	201	224	133	222	141	242	193	242	140	283	98	287	116	295	116	280	197	285	245	290	225	283	223	299	69	298	150	312	260	313	181	315	202	335	231	342	257	328	207	319	232	320	249	315	80	320	105	336	135	332	84	311	109	316	131	314	54	257	59	231	66	196	68	172	70	156	87	125	93	113	111	96	138	87	304	256	301	229	300	204	292	177	288	155	269	130	250	110	224	95	196	85	164	168
341	196	425	213	94	206	168	233	168	182	166	256	179	159	174	206	183	220	188	194	186	238	186	177	182	203	219	237	231	177	232	183	245	225	249	173	288	125	291	149	299	147	283	232	292	276	297	256	290	255	305	102	308	181	314	299	330	215	314	236	336	270	347	292	343	240	317	261	327	283	330	114	328	145	334	165	332	120	314	141	319	164	313	78	258	80	231	84	208	98	187	106	157	115	140	135	120	159	107	186	97	324	275	324	245	320	215	312	191	310	177	300	155	288	127	271	114	242	103	208	176
342	198	412	192	84	193	139	217	142	168	142	229	157	152	156	193	170	206	177	183	175	219	168	167	168	191	206	221	217	166	220	171	235	216	231	167	282	129	287	145	293	144	279	222	279	267	280	247	275	246	288	103	302	181	304	289	305	209	307	234	324	260	325	278	316	230	307	254	305	274	306	113	325	138	330	166	323	118	316	138	317	161	308	85	258	87	232	92	203	99	183	104	157	111	141	125	117	145	94	166	87	308	249	303	225	298	200	291	175	284	161	269	137	253	115	237	95	218	85	191	159
343	225	402	212	69	216	130	243	135	188	133	259	147	171	150	215	163	226	164	200	166	247	157	186	161	213	203	255	211	177	209	195	230	241	228	186	278	147	286	166	288	161	276	258	270	302	277	278	270	278	289	121	306	210	300	322	299	235	300	256	325	281	322	310	314	260	308	281	308	304	302	136	322	164	331	186	321	139	307	160	311	179	304	90	247	95	224	97	202	100	184	106	158	122	123	145	99	160	84	186	72	347	237	345	209	344	195	338	173	331	151	315	118	295	100	268	80	246	71	215	152
344	194	413	209	105	207	180	230	184	181	181	251	193	156	189	201	199	213	203	193	201	236	200	173	198	200	222	236	238	169	238	177	257	228	254	175	291	133	292	150	300	150	289	227	295	269	296	251	291	248	307	111	301	181	309	292	309	214	313	230	325	257	329	273	328	235	313	255	315	279	312	120	320	150	324	169	318	129	305	145	308	165	308	89	255	91	239	91	209	94	195	109	164	121	138	137	121	157	112	182	103	312	263	313	245	314	225	315	198	312	180	302	158	283	141	262	126	238	107	204	193
345	176	381	165	76	168	125	194	130	139	134	212	146	124	151	170	155	181	155	157	159	196	149	140	155	170	177	201	192	141	197	148	210	194	210	144	261	104	267	121	273	120	259	198	258	240	261	222	253	223	268	79	283	153	281	262	271	191	278	207	294	231	300	253	287	207	279	231	281	250	277	90	291	114	298	139	292	94	281	114	283	137	282	60	248	61	224	68	203	72	178	77	157	88	140	104	109	119	98	142	84	277	237	273	213	270	191	263	162	255	146	242	128	225	103	207	88	190	79	168	143
346	284	407	289	55	287	121	313	126	260	127	333	140	243	142	290	150	301	154	280	154	318	147	263	151	290	184	322	200	257	198	264	214	312	217	258	262	210	269	230	276	229	259	317	259	368	264	344	256	344	276	187	286	268	286	387	282	309	285	325	299	353	300	367	296	330	288	356	290	367	289	200	307	224	307	250	302	201	293	224	296	246	288	157	238	159	216	160	184	165	164	177	141	192	116	207	90	233	78	257	65	402	232	401	208	393	185	388	165	381	141	375	122	356	96	337	79	314	59	289	140
347	232	353	226	57	229	125	252	125	205	127	272	135	188	135	229	146	240	148	219	147	254	143	201	144	229	172	262	183	201	184	206	197	254	199	205	240	161	241	179	251	179	237	257	240	298	241	281	236	279	250	137	257	212	263	321	252	247	261	261	278	288	280	309	270	267	266	286	264	305	261	150	275	173	281	197	280	152	268	173	266	194	264	118	216	118	195	120	170	125	150	134	130	140	106	160	95	179	71	202	61	339	213	338	195	330	170	330	149	323	126	312	104	295	83	275	68	254	64	230	137
348	179	375	183	94	184	142	204	144	164	148	224	157	147	156	183	171	193	174	174	173	209	166	161	168	179	199	208	208	158	203	164	215	202	223	158	258	118	261	136	269	135	256	205	261	248	262	229	259	228	273	96	275	160	280	272	272	198	284	213	300	241	302	262	293	216	284	237	287	257	281	108	294	125	297	148	298	111	280	128	286	148	282	82	235	86	213	91	189	93	173	98	148	110	132	125	116	140	101	160	97	291	236	289	213	289	198	286	172	279	153	265	131	247	115	231	106	207	97	185	160
349	209	372	220	99	217	150	243	157	192	155	255	166	172	166	214	175	222	176	205	179	240	173	187	173	213	202	241	212	191	213	192	221	236	227	186	272	143	271	162	281	163	266	238	272	276	272	260	267	258	283	125	277	192	291	297	282	231	294	243	309	268	310	284	300	251	297	267	294	282	287	136	303	158	310	179	309	144	292	159	294	176	294	109	243	112	219	121	200	128	183	131	166	135	145	154	118	170	111	194	110	313	255	311	229	305	208	298	186	292	160	290	148	280	132	261	117	242	102	215	165
350	205	404	202	97	204	153	233	160	180	159	250	169	161	169	203	183	214	190	198	191	233	182	176	183	203	217	238	227	175	228	184	245	228	247	174	286	127	288	150	301	148	281	233	286	281	292	260	282	260	301	102	306	186	310	305	311	219	311	238	329	266	340	291	326	241	314	266	319	286	311	119	326	143	330	169	327	122	316	144	317	165	313	89	261	90	232	93	206	95	183	107	162	115	145	132	120	154	110	176	98	322	265	321	244	317	220	305	190	295	151	286	134	272	129	256	113	236	102	203	171
351	218	376	214	62	214	117	243	120	185	120	259	137	166	137	214	143	225	146	202	146	240	139	184	144	212	168	245	181	181	180	187	198	241	199	188	249	142	255	162	263	161	248	242	248	287	250	267	244	269	257	122	271	196	274	311	272	229	268	251	287	276	289	300	286	254	267	277	272	293	270	133	288	152	294	183	291	136	276	154	280	178	275	102	232	106	206	108	183	113	168	117	141	129	119	143	102	159	85	188	61	326	226	323	198	320	170	316	149	309	131	297	109	277	91	264	77	239	65	214	134
352	202	417	216	50	214	118	239	124	185	119	261	135	164	130	209	145	225	151	194	150	242	144	177	145	208	177	241	192	173	190	182	209	234	209	179	260	128	267	150	275	150	256	243	261	296	264	273	257	273	275	104	292	184	288	323	292	231	287	253	307	281	312	307	306	255	290	279	296	302	291	115	307	137	311	164	305	118	293	141	294	163	292	90	238	96	216	103	181	106	150	111	125	125	104	140	79	160	66	185	54	342	231	336	213	331	183	327	159	320	130	307	107	289	84	271	64	247	50	210	137
353	194	419	201	47	202	130	232	135	174	130	254	148	152	142	203	161	217	164	189	163	236	159	168	158	199	195	235	212	168	211	176	225	223	228	167	271	118	277	141	284	141	268	229	275	278	282	256	274	255	289	90	284	179	293	305	297	216	298	235	322	268	323	297	316	238	303	267	306	286	300	105	308	130	316	162	317	113	298	134	298	158	296	75	235	74	212	80	181	82	149	90	126	105	100	126	86	149	67	173	52	329	249	327	215	327	191	322	162	319	136	304	114	288	98	269	85	239	64	201	149
354	180	373	195	83	193	145	213	144	170	141	230	147	149	148	192	159	202	161	180	160	217	156	164	156	190	191	226	203	167	198	171	209	213	219	163	250	118	253	136	256	138	246	215	253	257	255	239	249	239	263	100	278	172	274	281	266	205	275	216	295	250	299	272	290	222	278	245	286	263	279	108	296	131	300	154	293	110	283	132	285	154	280	83	224	86	208	89	182	92	164	96	135	108	107	121	101	147	90	167	79	303	230	302	205	294	187	293	168	286	145	278	126	263	109	245	93	217	81	192	152
355	198	363	188	63	194	125	216	132	170	131	235	140	154	142	193	149	208	153	181	154	218	146	168	151	194	183	228	196	167	201	173	213	221	213	167	255	123	261	146	267	143	250	223	253	267	254	248	249	247	265	100	281	179	274	289	265	214	275	235	290	259	292	277	284	235	275	255	277	274	273	114	293	135	295	160	291	118	276	138	278	159	275	75	235	79	214	81	186	88	155	98	125	104	109	120	89	140	75	164	66	308	224	306	205	302	175	291	152	285	132	276	109	263	96	243	81	221	66	194	141
356	227	410	211	70	216	144	240	147	191	149	259	152	167	154	215	166	228	166	206	173	246	161	182	167	217	194	251	209	185	214	189	228	241	228	188	275	139	285	160	291	157	275	245	274	293	278	272	273	273	288	115	299	203	302	315	293	236	301	257	312	279	315	308	313	257	301	279	303	305	298	127	313	157	318	187	315	136	304	159	308	181	301	82	261	83	232	84	205	85	181	93	149	106	120	128	98	156	85	184	77	339	247	332	220	327	191	321	165	316	147	306	121	284	100	275	97	250	84	217	158
357	175	415	189	63	189	130	212	130	161	130	234	139	143	139	187	145	201	148	177	149	217	143	160	146	184	179	218	192	153	195	160	207	208	208	150	265	100	267	120	280	122	263	210	263	264	267	240	260	239	278	77	283	157	282	287	284	202	282	218	300	248	310	274	302	222	285	247	290	271	287	85	299	112	304	141	304	91	287	111	288	139	288	56	236	64	209	69	184	78	159	86	139	101	116	114	101	139	77	164	68	311	247	307	217	305	192	299	163	289	140	275	117	258	100	236	81	218	68	188	137
358	175	380	183	69	185	136	207	140	160	138	227	144	140	144	184	150	195	155	170	153	211	150	154	150	181	190	215	199	152	198	161	214	205	217	156	255	112	260	132	265	131	251	208	259	258	262	236	255	237	271	80	271	165	278	287	269	196	281	219	296	248	301	271	294	220	282	246	282	268	282	93	287	121	295	145	294	100	275	123	280	145	279	67	233	70	208	75	184	81	164	84	141	95	113	114	94	129	84	155	70	312	241	308	211	302	187	297	161	290	136	278	114	259	94	238	82	215	71	183	146
359	179	392	164	93	169	151	191	153	147	159	208	169	129	169	167	177	178	182	158	184	194	177	143	180	170	209	202	219	143	223	147	237	194	237	145	273	103	277	122	283	121	270	198	270	240	271	223	265	222	280	79	291	155	293	264	280	191	293	206	305	234	309	254	295	210	292	228	289	245	287	93	307	114	313	138	311	98	297	117	300	136	295	61	250	62	226	71	200	73	182	79	159	89	139	101	124	120	106	142	93	288	250	281	226	276	200	272	177	267	158	258	141	238	122	221	106	192	98	168	169
360	191	397	192	92	193	156	215	158	171	155	238	167	150	161	192	168	205	174	181	173	222	171	164	168	189	206	220	216	158	218	168	231	210	233	161	276	117	281	135	287	135	272	217	275	262	279	241	274	240	288	92	297	169	299	283	304	205	296	220	316	248	318	271	313	223	299	247	302	266	305	101	312	130	317	157	314	108	301	132	302	152	301	72	250	73	235	81	210	88	182	93	160	104	136	124	119	141	103	166	93	306	257	306	233	303	208	296	186	289	165	278	141	257	120	244	109	221	94	193	162
361	183	375	171	84	173	140	198	140	148	144	219	148	125	151	171	165	183	165	161	165	203	160	141	161	168	192	203	201	143	205	152	218	195	214	147	257	103	264	124	267	122	254	203	252	248	253	229	248	230	262	82	274	164	273	273	269	193	277	207	289	235	294	260	284	213	277	236	280	255	275	92	291	120	300	150	292	98	283	119	286	142	279	60	242	61	220	62	191	61	159	70	138	84	116	101	112	122	108	137	89	289	220	286	198	285	182	279	153	272	135	260	117	240	100	222	90	196	86	174	157
362	176	377	184	80	179	142	199	147	159	145	226	155	134	152	178	160	190	161	164	163	207	159	152	158	178	191	209	206	143	208	149	220	196	221	147	265	102	269	123	277	122	263	201	262	250	271	226	261	227	276	84	286	152	283	272	276	191	281	210	297	233	302	255	295	207	283	228	290	253	287	96	293	118	297	138	294	98	286	118	288	136	287	64	241	63	219	66	194	72	172	79	146	91	128	114	109	131	90	155	80	293	240	292	219	286	193	285	166	276	145	259	118	245	99	226	82	207	78	179	153
363	197	440	214	105	209	180	234	183	181	181	257	195	158	188	208	198	222	203	197	200	238	199	175	197	206	227	239	241	176	242	183	258	229	256	177	302	128	302	150	313	149	295	232	302	280	309	258	302	258	317	102	317	184	324	302	339	217	329	235	352	270	359	292	352	239	331	265	338	288	342	113	340	140	346	168	342	121	324	141	327	164	327	79	267	87	244	89	214	102	194	109	173	120	153	132	133	160	114	188	108	326	285	325	265	322	231	311	204	306	181	301	162	281	141	263	128	244	112	209	191
364	325	409	309	75	312	129	339	137	286	141	359	151	267	158	314	157	326	159	303	159	340	156	288	162	318	190	351	208	284	210	294	226	343	222	287	271	239	282	260	291	258	271	346	267	391	273	372	264	374	283	217	303	293	293	417	288	338	290	358	306	379	307	403	301	357	292	380	294	398	295	234	319	256	319	283	308	233	307	256	308	278	300	187	259	187	235	190	202	189	180	201	158	210	133	231	111	257	93	279	80	427	241	425	217	415	193	410	167	400	144	389	117	376	102	357	87	340	79	315	152
365	256	406	257	116	256	170	278	176	232	174	299	184	214	182	254	190	267	194	248	192	283	190	232	191	256	217	288	228	228	227	236	244	283	243	227	288	182	291	200	300	202	284	280	287	321	292	303	286	303	301	162	309	235	309	344	305	273	312	293	330	314	330	331	326	292	316	309	316	328	313	177	325	201	327	221	323	178	315	199	315	219	311	134	263	139	245	141	222	147	201	154	178	166	156	184	138	207	125	227	115	355	269	357	244	351	226	345	200	338	178	330	158	315	137	298	122	282	121	257	183
366	255	421	239	115	240	165	263	172	215	172	283	185	199	188	241	192	254	193	229	193	268	192	215	193	243	221	273	233	218	234	221	245	266	249	220	293	174	301	195	307	193	292	272	287	318	288	296	283	298	299	155	320	226	315	340	307	265	312	288	326	304	329	328	319	285	315	301	316	322	312	169	335	198	336	215	328	171	324	190	324	210	318	128	279	132	256	133	232	133	205	139	183	151	163	170	144	188	130	212	119	349	258	345	236	339	212	335	191	329	173	317	149	299	137	281	119	260	112	241	182
367	176	374	182	92	182	144	202	148	160	145	219	154	144	154	180	166	192	171	172	172	207	164	157	165	175	191	204	203	153	201	159	215	197	217	153	258	115	260	131	269	130	256	202	259	244	262	225	257	224	270	88	273	159	280	266	270	192	281	209	299	234	300	260	286	212	283	232	285	252	278	100	287	123	295	145	294	105	281	125	282	144	281	74	233	80	219	84	196	88	167	93	150	106	134	124	120	138	105	158	94	287	239	282	215	281	191	278	165	269	144	257	128	241	114	226	104	204	95	182	156
368	217	362	223	90	220	134	244	141	199	142	258	153	180	151	222	161	232	163	209	161	244	157	195	162	217	186	248	199	197	201	198	212	239	213	193	258	151	260	168	271	169	254	244	258	283	259	266	253	265	268	138	276	197	279	303	263	237	280	254	297	277	297	291	284	258	282	273	279	290	271	146	289	169	294	190	294	153	276	164	280	183	283	114	230	115	212	124	188	131	172	139	156	143	137	158	111	174	97	198	94	318	238	319	216	310	195	304	172	299	149	292	134	278	111	263	103	243	87	219	151
369	224	427	227	111	227	169	249	174	199	172	264	182	177	181	224	196	234	200	214	199	253	195	197	195	225	231	256	244	195	242	202	258	247	261	194	300	147	305	167	314	166	295	252	302	300	306	279	299	278	316	118	318	208	321	323	320	239	325	258	345	287	355	308	342	259	331	284	337	308	329	132	337	158	344	191	338	138	325	162	328	184	326	99	273	104	253	104	223	117	196	121	170	129	158	149	133	168	125	198	117	341	278	335	256	332	236	323	204	313	175	307	160	294	142	277	129	251	115	224	185
370	209	376	202	59	201	109	231	115	174	120	248	130	153	136	203	133	220	137	192	139	235	135	172	136	204	157	238	178	170	177	180	194	233	191	179	243	130	250	152	257	150	242	233	240	281	243	258	238	259	255	108	268	186	264	299	263	225	263	244	279	269	282	292	274	243	262	268	266	285	267	127	281	152	282	174	278	130	275	149	273	169	268	79	231	83	209	92	177	96	156	98	133	108	106	126	88	148	72	177	59	313	220	309	197	303	170	296	144	292	124	281	102	262	83	246	66	226	58	203	126
371	202	417	203	43	200	108	230	117	171	111	248	126	151	125	198	137	214	144	183	145	233	137	165	140	198	171	235	185	165	185	174	205	231	202	173	259	120	266	145	274	142	254	236	252	294	254	268	247	269	267	95	291	177	282	318	270	228	282	249	298	278	304	307	291	250	283	276	285	299	280	112	311	136	312	163	305	114	297	137	293	161	289	83	242	86	218	89	191	91	159	96	129	110	106	124	77	146	63	168	45	331	220	325	200	321	169	312	140	303	112	291	91	273	71	252	50	230	45	201	129
372	187	341	208	40	200	103	224	110	177	106	235	120	160	117	199	128	211	135	186	131	226	128	173	127	196	157	227	168	164	166	169	182	219	184	166	227	121	227	139	237	140	222	213	231	260	237	239	230	239	244	95	240	172	246	277	254	206	253	223	269	244	273	268	267	224	256	242	256	260	254	107	261	133	265	156	262	112	249	132	249	155	247	79	202	85	182	92	152	100	138	107	114	119	94	134	72	153	54	177	39	295	217	295	191	290	169	290	149	288	127	279	103	263	83	248	66	232	52	200	120
373	202	406	193	47	190	131	219	133	163	131	239	145	140	146	189	156	203	162	179	164	221	154	159	159	191	192	227	208	160	206	167	228	217	224	165	270	116	281	138	284	136	269	223	271	274	273	250	268	250	285	87	288	173	295	297	295	217	298	233	320	261	319	284	312	240	300	258	301	276	299	100	311	126	317	157	313	105	295	131	303	155	299	65	242	68	223	71	189	72	162	81	130	98	106	116	91	134	76	159	51	322	250	320	219	315	185	313	158	306	128	287	104	271	91	248	73	224	57	190	148
374	188	384	198	99	194	157	217	159	172	155	234	159	150	158	193	170	207	176	182	173	222	168	167	170	193	200	228	215	168	212	171	223	216	232	165	263	121	263	138	270	139	258	215	265	260	267	242	263	241	276	102	286	168	292	287	280	208	293	223	312	244	313	268	309	226	291	246	299	265	292	110	308	129	312	156	311	114	293	135	298	154	294	83	235	88	217	87	191	93	169	95	146	107	127	122	112	147	97	170	91	306	242	302	219	289	192	292	182	288	162	274	132	260	119	246	108	220	99	195	164
375	201	397	195	91	193	153	213	161	170	157	231	163	151	170	193	176	208	179	181	179	219	173	171	176	192	208	228	222	163	224	169	236	220	237	165	281	121	287	142	293	141	277	218	278	264	280	244	275	245	290	96	304	175	299	286	294	207	301	231	315	254	316	277	307	231	300	252	298	271	294	110	316	139	318	161	314	116	306	137	304	155	303	69	263	71	247	77	206	85	182	91	163	98	144	114	117	135	102	163	92	309	260	308	240	300	207	290	185	283	161	270	132	256	117	240	102	221	89	193	166
376	171	441	183	87	180	150	206	157	157	153	227	163	136	163	181	171	194	177	167	174	211	170	155	173	177	206	209	220	146	220	150	237	204	233	142	292	93	295	113	307	113	290	205	291	255	297	232	290	231	306	67	308	148	313	279	315	196	316	211	332	238	337	265	331	215	316	240	319	261	319	80	326	109	333	134	331	83	314	107	318	130	316	54	266	55	244	61	212	69	188	78	167	93	145	106	127	127	110	154	89	303	274	300	246	298	215	289	188	280	161	265	136	247	117	231	103	213	92	181	163
377	187	372	201	62	194	122	220	127	166	121	238	138	150	131	192	138	206	143	178	141	221	139	167	137	188	177	223	191	158	184	168	204	213	205	165	245	121	247	140	257	139	241	218	247	267	254	245	246	244	260	92	261	171	267	296	258	202	268	221	285	256	290	283	280	226	268	251	273	277	270	101	274	132	284	155	281	110	266	134	267	153	266	79	221	81	200	87	175	90	156	96	126	105	106	125	87	139	74	169	65	322	233	317	203	309	171	306	147	297	126	283	99	268	86	247	72	230	69	194	134
378	238	436	240	63	242	144	269	151	210	146	295	165	185	157	241	179	254	181	229	184	274	175	205	175	240	207	277	222	203	222	210	241	267	243	205	292	151	299	175	308	174	288	277	290	332	297	304	287	303	305	127	314	215	317	353	307	262	316	284	335	315	336	340	328	284	316	310	318	336	317	142	332	172	341	203	333	147	323	170	325	197	320	98	260	102	235	105	213	112	180	123	153	128	122	153	107	175	90	212	76	372	260	366	231	355	207	352	183	346	150	341	124	325	104	302	88	274	70	240	165
379	175	406	175	97	173	157	200	162	148	161	217	172	132	175	175	183	189	189	164	186	203	184	147	184	174	213	209	226	145	226	149	241	196	241	148	276	105	277	124	287	123	271	201	274	244	275	225	271	226	283	83	290	153	297	268	284	190	295	206	310	231	312	256	301	207	293	231	295	250	291	95	308	118	315	143	312	98	295	119	300	138	299	63	252	67	233	75	209	78	185	84	163	97	141	107	130	123	118	147	100	288	253	287	231	283	201	277	180	270	156	260	141	242	120	222	106	203	100	174	172
380	209	400	212	61	211	130	236	134	185	132	257	144	162	143	209	149	221	152	195	153	240	151	178	150	206	180	240	197	176	197	186	218	233	212	178	263	128	269	148	276	148	259	236	261	283	267	264	260	263	277	98	288	185	288	311	294	223	283	244	305	274	310	299	307	248	285	272	291	293	292	113	309	142	314	170	309	116	294	140	294	166	292	75	247	75	215	82	190	88	167	99	139	113	118	131	94	157	79	182	68	337	250	334	222	330	199	326	173	318	150	305	124	287	103	268	83	241	70	211	142
381	198	380	214	51	207	123	235	127	179	126	257	141	157	140	207	141	222	145	194	145	241	145	176	145	206	166	239	187	175	183	181	201	232	200	176	239	127	239	149	250	149	236	229	243	274	250	255	244	254	257	102	257	180	263	296	279	222	271	238	293	270	296	289	291	241	274	262	279	281	281	116	282	142	287	165	283	120	265	140	269	161	267	79	214	80	196	84	169	92	141	97	124	115	96	138	76	159	60	187	54	312	221	317	200	314	180	309	158	302	134	296	116	280	92	263	77	243	60	206	134
382	228	396	218	49	223	107	251	113	193	112	266	128	177	131	223	140	233	142	212	144	251	135	194	140	223	177	262	188	187	188	194	210	247	212	190	262	143	266	168	277	166	259	256	259	302	263	277	257	278	275	128	295	203	289	320	289	246	288	267	308	293	309	313	301	268	293	287	291	306	287	138	308	157	315	182	307	133	295	158	296	179	294	89	240	92	210	94	186	99	161	106	140	121	114	141	87	165	66	192	54	344	226	340	198	338	173	332	154	326	132	308	106	291	84	279	69	254	52	223	126
383	226	386	218	44	223	114	248	116	193	121	270	128	173	134	223	144	235	146	208	146	252	138	192	143	226	180	255	191	189	193	197	211	246	211	193	251	140	260	162	270	160	251	256	250	308	252	283	246	285	266	117	282	199	276	330	273	246	276	265	295	288	294	314	296	273	283	288	288	312	284	134	303	159	309	184	300	135	291	157	289	180	284	88	230	93	202	95	174	101	147	106	122	119	108	141	83	164	67	191	52	345	216	345	189	343	172	343	148	336	127	319	101	300	76	280	60	250	48	222	132
384	196	402	192	87	194	136	220	143	167	142	236	160	152	160	194	165	206	169	182	170	221	166	165	167	194	195	221	206	163	211	171	228	213	226	165	276	122	280	142	291	141	275	220	274	260	273	242	271	245	287	94	301	172	303	285	297	211	303	231	319	256	324	282	312	232	301	253	300	270	301	106	319	134	326	151	323	113	304	133	306	153	302	77	254	80	234	89	205	97	186	102	164	110	145	122	125	142	107	166	88	293	247	293	230	291	214	290	193	279	169	265	143	255	127	238	110	217	89	196	155
385	224	403	242	131	236	184	257	190	218	187	274	201	200	196	235	204	246	209	227	206	260	205	213	202	236	225	259	238	210	233	217	251	252	254	208	289	169	288	185	296	186	283	252	289	290	294	275	288	274	303	145	303	211	311	315	309	248	313	258	329	280	330	303	323	264	319	279	321	299	319	158	321	178	327	198	323	159	313	178	316	195	310	130	262	134	241	139	224	144	205	153	186	160	167	181	153	197	139	218	134	329	275	329	256	326	239	322	218	315	194	308	177	297	163	284	150	268	140	237	197
386	223	392	212	45	214	112	242	117	184	120	261	133	164	137	213	141	226	143	201	144	244	139	183	143	215	174	247	184	184	189	192	207	236	205	188	253	136	259	162	269	161	250	248	249	303	250	279	246	280	261	112	282	194	280	330	268	244	278	266	291	296	294	321	292	270	285	293	285	310	282	128	306	153	308	179	297	130	285	154	290	171	288	92	230	95	205	97	180	98	153	107	126	116	106	132	85	156	69	182	54	345	216	342	191	338	168	333	141	323	111	311	91	294	76	266	57	242	47	213	129
387	213	420	208	130	207	189	232	197	184	194	248	203	167	206	210	218	220	220	199	218	237	214	181	216	212	244	240	256	182	259	189	274	231	272	184	315	140	318	157	324	159	310	235	312	277	311	260	308	260	325	122	329	186	335	297	330	232	341	247	356	273	357	291	341	253	341	270	338	283	334	134	351	158	353	179	355	138	341	155	346	169	341	99	287	101	264	109	243	113	225	122	198	129	178	146	163	161	138	185	131	315	290	310	268	309	243	311	210	300	201	281	173	274	157	257	143	235	129	210	205
388	200	378	202	75	202	136	229	140	174	139	240	152	157	153	200	164	212	168	190	167	229	164	172	164	201	192	229	205	168	200	177	221	220	220	171	258	123	264	144	276	144	256	223	263	272	267	252	260	250	277	103	280	170	282	292	294	218	289	234	299	261	307	281	302	238	292	258	299	278	295	117	299	140	302	162	297	120	288	141	290	159	282	85	237	86	214	88	196	93	171	104	151	121	129	133	105	154	95	178	82	305	239	300	217	295	199	293	173	291	156	282	135	264	118	248	103	225	87	201	153
389	196	386	195	34	192	109	225	111	162	110	250	125	140	126	189	134	211	142	171	144	230	137	154	139	193	166	229	183	155	182	169	204	221	199	168	250	115	257	140	266	137	250	233	247	288	247	263	245	266	262	96	298	169	282	312	281	223	278	245	300	275	304	298	296	248	281	274	288	297	288	103	307	128	311	152	304	110	294	130	291	147	288	78	228	82	206	83	178	86	144	91	119	101	92	121	70	139	56	165	43	334	224	328	192	324	161	315	137	311	115	298	89	279	66	255	46	227	38	191	124
390	203	376	197	45	197	121	222	121	171	119	246	134	151	131	197	145	212	145	184	148	226	140	167	142	200	175	231	182	168	183	176	205	220	201	174	248	129	254	150	264	148	247	228	250	274	249	250	247	250	265	102	274	177	270	300	271	224	277	243	293	273	295	290	291	245	276	268	280	285	278	113	291	139	294	163	290	118	276	141	279	161	274	79	223	83	199	89	175	89	147	96	124	108	103	127	84	145	65	170	52	319	220	318	203	314	173	311	145	303	119	286	99	266	83	249	67	226	52	198	132
391	221	383	236	77	231	142	261	146	205	143	275	150	187	152	233	164	248	167	222	168	265	161	205	161	234	202	268	214	199	206	205	224	257	231	198	265	153	268	172	275	173	262	256	271	302	273	285	268	284	281	127	292	205	299	324	288	251	300	267	318	289	321	315	318	271	298	290	306	310	307	136	307	159	323	195	315	143	305	163	303	185	297	114	240	120	216	123	198	121	161	131	143	142	125	162	108	185	95	209	81	347	243	343	207	345	189	349	181	339	152	327	136	307	118	294	97	265	83	232	154
392	215	385	224	84	225	151	251	155	200	150	271	162	182	160	224	166	236	170	212	170	256	170	197	165	223	204	254	216	192	214	200	232	246	229	197	273	150	276	171	286	172	271	248	278	296	280	276	277	275	291	120	282	200	293	330	294	238	295	255	312	284	319	316	311	259	296	282	302	312	299	133	305	160	315	183	309	137	295	159	300	186	293	107	243	112	214	116	189	120	171	122	156	137	133	154	108	173	96	198	86	352	252	350	231	346	202	340	174	332	151	319	132	304	113	280	101	261	92	226	161
393	208	449	202	70	198	156	229	158	169	161	252	172	144	175	199	182	213	187	184	187	235	182	166	184	199	218	238	228	165	232	175	255	225	254	171	303	118	305	141	315	140	299	237	299	295	303	267	299	271	315	107	327	177	327	310	330	232	329	253	347	281	348	301	340	255	330	280	336	297	332	114	338	134	348	165	344	116	332	136	338	162	332	74	271	77	242	79	212	88	194	87	169	106	142	118	125	140	97	173	77	339	269	337	240	333	210	328	190	319	160	303	134	283	113	261	96	240	80	198	173
394	210	407	206	79	210	152	234	152	186	156	248	163	162	164	212	178	221	181	199	180	235	178	178	176	210	201	242	217	179	215	187	234	230	238	181	275	133	279	153	287	152	272	235	274	281	275	259	271	261	282	105	292	183	299	308	287	230	297	249	311	269	316	297	307	246	294	266	298	290	296	118	309	145	323	172	315	125	297	149	301	165	301	84	256	86	235	91	212	95	184	102	160	112	141	131	118	153	101	177	86	324	254	319	232	318	201	309	170	302	155	295	139	278	111	259	96	229	84	209	164
395	188	408	206	75	199	147	222	150	176	149	247	155	154	152	198	163	213	166	183	167	231	161	168	163	193	199	229	208	163	213	170	232	216	230	164	273	113	275	134	286	134	270	224	273	271	277	249	273	248	290	90	295	173	297	296	305	207	300	226	318	261	319	283	318	235	301	255	305	276	306	99	312	125	323	156	323	108	302	128	303	153	301	69	249	74	226	76	193	82	169	96	141	105	120	121	96	146	87	174	76	326	255	325	225	324	199	319	172	312	150	299	129	280	104	261	87	235	75	198	157
396	223	393	225	43	228	98	253	105	201	101	272	117	180	117	228	122	241	128	211	131	254	124	196	127	230	156	263	170	194	171	201	192	257	192	192	248	141	252	162	260	162	244	253	248	300	252	279	248	279	264	112	270	195	274	328	275	247	273	264	290	293	297	318	292	269	279	289	284	310	279	124	290	153	296	181	289	132	277	153	279	174	275	94	227	98	198	105	172	111	145	116	121	130	98	144	83	162	67	192	44	339	234	336	204	335	180	326	149	323	130	309	98	296	79	275	58	257	42	229	112
397	208	390	206	31	206	95	232	98	178	98	251	110	158	112	206	124	223	128	195	127	239	124	177	123	210	155	243	171	174	170	181	192	233	189	177	241	127	244	148	254	148	237	235	238	284	238	261	232	262	254	99	264	185	269	312	256	229	270	250	283	282	286	302	277	253	271	274	271	295	267	113	280	143	289	166	283	117	272	144	274	165	269	72	222	75	194	78	163	85	149	95	115	107	87	126	59	149	45	178	33	337	221	333	192	331	166	321	137	312	107	302	85	279	61	258	44	232	33	205	110
398	202	353	189	47	190	103	214	105	162	107	232	113	143	121	190	125	202	129	180	128	218	125	161	127	188	153	222	164	161	165	168	185	214	183	167	228	120	236	141	242	140	228	223	224	270	227	250	222	251	237	91	252	175	247	294	246	217	245	236	259	262	265	278	261	241	245	254	249	275	249	110	263	137	268	161	265	115	256	136	256	160	252	65	214	71	197	74	170	75	143	82	116	92	97	112	78	135	63	159	52	306	198	307	176	303	154	299	132	289	108	275	85	258	68	240	57	217	51	191	118
399	228	382	221	54	218	128	248	133	190	129	272	141	168	144	218	155	233	157	207	159	252	152	189	155	222	191	255	200	185	202	196	220	245	222	189	257	140	261	159	274	158	256	253	257	304	257	281	252	281	270	113	283	195	285	325	267	241	285	264	301	295	306	318	295	271	289	290	291	312	285	123	305	156	314	179	305	130	292	155	295	176	289	88	231	92	208	97	182	104	157	112	137	122	116	141	95	164	76	191	61	345	224	343	199	342	177	340	152	337	133	318	104	300	85	282	70	252	57	219	145
400	234	422	246	57	243	123	270	133	216	125	293	147	197	138	242	151	252	155	229	150	276	150	211	150	240	185	280	201	204	196	210	215	267	217	205	265	151	270	173	280	173	262	273	268	322	274	304	266	302	285	120	280	207	290	351	302	268	298	288	318	316	319	335	316	290	306	314	304	335	309	134	303	167	311	194	309	139	294	162	300	186	296	96	240	104	210	108	184	115	158	127	133	142	106	163	85	189	72	218	60	368	252	363	225	356	199	355	162	350	142	345	122	324	100	304	79	280	65	241	141
401	236	385	202	45	209	110	234	115	182	122	255	128	163	138	211	141	225	142	199	145	240	135	181	142	217	174	249	179	184	188	195	204	241	199	194	252	140	263	165	269	163	251	252	242	307	239	279	236	281	254	119	289	200	282	333	257	253	270	270	289	300	290	325	276	273	275	296	273	318	264	139	312	169	306	191	295	139	294	159	294	182	285	94	241	95	214	93	189	95	159	98	134	112	112	126	89	149	70	173	55	341	205	336	180	331	158	324	133	314	107	297	81	281	68	258	56	234	46	211	128
402	220	358	224	48	226	110	250	115	202	112	267	123	185	126	223	140	233	145	216	143	252	137	198	135	224	167	254	179	194	178	202	196	244	198	193	240	145	241	164	253	166	236	244	241	292	243	269	238	269	254	115	257	195	267	319	265	240	266	260	285	289	285	311	279	260	271	281	273	303	267	129	277	154	285	184	281	134	267	157	267	181	268	96	214	98	188	100	166	107	142	117	116	128	93	148	78	173	64	200	55	331	216	328	194	330	174	331	151	327	126	315	103	297	84	280	70	257	55	225	128
403	205	381	209	72	208	133	232	137	182	135	249	148	166	148	209	165	218	168	199	168	239	163	180	163	209	193	238	208	178	199	185	221	225	227	180	258	133	260	152	272	153	254	230	261	279	264	258	257	259	274	107	275	187	278	302	285	226	290	246	301	265	308	287	304	246	291	264	298	288	291	124	294	150	301	171	295	122	283	147	288	172	281	94	231	96	208	97	189	97	158	105	138	121	122	138	104	161	92	185	75	313	233	313	214	308	194	305	171	300	145	282	123	273	108	256	97	238	83	209	150
404	172	408	189	80	184	152	209	155	157	152	235	167	136	163	182	174	195	177	166	176	218	175	151	172	174	208	213	221	146	221	156	241	200	237	151	279	98	281	121	290	120	273	204	278	260	283	235	277	234	296	79	303	161	303	283	299	192	305	213	327	246	332	271	320	216	312	245	314	266	310	85	320	113	327	140	326	93	306	116	312	138	308	54	255	60	230	59	200	67	175	75	152	87	130	105	106	129	91	158	75	310	264	309	227	307	207	302	177	296	153	282	132	263	112	243	95	216	87	181	163
